player_registry_id,cricsheet_player_id,canonical_name,current_player_role,current_batting_style,current_bowling_style,current_bowling_type_group,appearances,latest_season,external_ids_json,source,batting_hand,bowling_arm,bowling_style,bowling_type_group,player_role,confidence,notes
106,244048f6,Arshdeep Singh,,,,,32,2025,"{""pulseId"":""4698"",""cricbuzzId"":null,""cricinfoId"":""1125976""}",curated_manual,,,,,,1.0,
98,9418198b,P Simran Singh,,,,,32,2025,"{""pulseId"":""5436"",""cricbuzzId"":null,""cricinfoId"":""1161024""}",curated_manual,,,,,,1.0,
103,26989d80,Shashank Singh,,,,,32,2025,"{""pulseId"":null,""cricbuzzId"":null,""cricinfoId"":""377534""}",curated_manual,,,,,,1.0,
99,85ec8e33,SS Iyer,,,,,32,2025,"{""pulseId"":""1563"",""cricbuzzId"":null,""cricinfoId"":""642519""}",curated_manual,,,,,,1.0,
59,a818c1be,TA Boult,,,,,31,2025,"{""pulseId"":""969"",""cricbuzzId"":null,""cricinfoId"":""277912""}",curated_manual,,,,,,1.0,
26,f29185a1,Abhishek Sharma,,,,,30,2025,"{""pulseId"":""3760"",""cricbuzzId"":null,""cricinfoId"":""1070183""}",curated_manual,,,,,,1.0,
178,2e81a32d,B Kumar,,,,,30,2025,"{""pulseId"":""116"",""cricbuzzId"":null,""cricinfoId"":""326016""}",curated_manual,,,,,,1.0,
30,235c2bb6,H Klaasen,,,,,30,2025,"{""pulseId"":""3869"",""cricbuzzId"":null,""cricinfoId"":""436757""}",curated_manual,,,,,,1.0,
33,ded9240e,PJ Cummins,,,,,30,2025,"{""pulseId"":""488"",""cricbuzzId"":null,""cricinfoId"":""489889""}",curated_manual,,,,,,1.0,
17,c740ea83,RM Patidar,,,,,30,2025,"{""pulseId"":""5471"",""cricbuzzId"":null,""cricinfoId"":""823703""}",curated_manual,,,,,,1.0,
15,ba607b88,V Kohli,,,,,30,2025,"{""pulseId"":""164"",""cricbuzzId"":null,""cricinfoId"":""253802""}",curated_manual,,,,,,1.0,
107,57ee1fde,YS Chahal,,,,,30,2025,"{""pulseId"":""111"",""cricbuzzId"":null,""cricinfoId"":""430246""}",curated_manual,,,,,,1.0,
164,8e514b4c,Abdul Samad,,,,,29,2025,"{""pulseId"":""19352"",""cricbuzzId"":null,""cricinfoId"":""1175485""}",curated_manual,,,,,,1.0,
211,dbe50b21,HH Pandya,,,,,29,2025,"{""pulseId"":""2740"",""cricbuzzId"":null,""cricinfoId"":""625371""}",curated_manual,,,,,,1.0,
19,800d2d97,JM Sharma,,,,,29,2025,"{""pulseId"":null,""cricbuzzId"":null,""cricinfoId"":""721867""}",curated_manual,,,,,,1.0,
21,5b8c830e,KH Pandya,,,,,29,2025,"{""pulseId"":""3183"",""cricbuzzId"":null,""cricinfoId"":""471342""}",curated_manual,,,,,,1.0,
119,2f49c897,Mohammed Siraj,,,,,29,2025,"{""pulseId"":""3840"",""cricbuzzId"":null,""cricinfoId"":""940973""}",curated_manual,,,,,,1.0,
40,04a418e8,R Parag,,,,,29,2025,"{""pulseId"":""4445"",""cricbuzzId"":null,""cricinfoId"":""1079434""}",curated_manual,,,,,,1.0,
50,740742ef,RG Sharma,,,,,29,2025,"{""pulseId"":""107"",""cricbuzzId"":null,""cricinfoId"":""34102""}",curated_manual,,,,,,1.0,
91,85b3fab2,T Stubbs,,,,,29,2025,"{""pulseId"":null,""cricbuzzId"":null,""cricinfoId"":""595978""}",curated_manual,,,,,,1.0,
54,b0482a1d,Tilak Varma,,,,,29,2025,"{""pulseId"":null,""cricbuzzId"":null,""cricinfoId"":""1170265""}",curated_manual,,,,,,1.0,
24,7210d461,Yash Dayal,,,,,29,2025,"{""pulseId"":null,""cricbuzzId"":null,""cricinfoId"":""1159720""}",curated_manual,,,,,,1.0,
38,6c19c6e5,YBK Jaiswal,,,,,29,2025,"{""pulseId"":""13538"",""cricbuzzId"":null,""cricinfoId"":""1151278""}",curated_manual,,,,,,1.0,
79,872b03f7,A Badoni,,,,,28,2025,"{""pulseId"":null,""cricbuzzId"":null,""cricinfoId"":""1151270""}",curated_manual,,,,,,1.0,
88,ad3b6e95,Abishek Porel,,,,,28,2025,"{""pulseId"":null,""cricbuzzId"":null,""cricinfoId"":""1277545""}",curated_manual,,,,,,1.0,
168,eef2536f,Avesh Khan,,,,,28,2025,"{""pulseId"":""1561"",""cricbuzzId"":null,""cricinfoId"":""694211""}",curated_manual,,,,,,1.0,
42,bcf325d2,Dhruv Jurel,,,,,28,2025,"{""pulseId"":null,""cricbuzzId"":null,""cricinfoId"":""1175488""}",curated_manual,,,,,,1.0,
28,752f7486,Ishan Kishan,,,,,28,2025,"{""pulseId"":""2975"",""cricbuzzId"":null,""cricinfoId"":""720471""}",curated_manual,,,,,,1.0,
61,a2f46292,KK Ahmed,,,,,28,2025,"{""pulseId"":""2964"",""cricbuzzId"":null,""cricinfoId"":""942645""}",curated_manual,,,,,,1.0,
232,b17e2f24,KL Rahul,,,,,28,2025,"{""pulseId"":""1125"",""cricbuzzId"":null,""cricinfoId"":""422108""}",curated_manual,,,,,,1.0,
102,d9273ee7,MP Stoinis,,,,,28,2025,"{""pulseId"":""964"",""cricbuzzId"":null,""cricinfoId"":""325012""}",curated_manual,,,,,,1.0,
69,4a8a2e3b,MS Dhoni,,,,,28,2025,"{""pulseId"":""1"",""cricbuzzId"":null,""cricinfoId"":""28081""}",curated_manual,,,,,,1.0,
76,3241e3fd,N Pooran,,,,,28,2025,"{""pulseId"":""1703"",""cricbuzzId"":null,""cricinfoId"":""604302""}",curated_manual,,,,,,1.0,
68,fe93fd9d,RA Jadeja,,,,,28,2025,"{""pulseId"":""9"",""cricbuzzId"":null,""cricinfoId"":""234675""}",curated_manual,,,,,,1.0,
65,a4e37e47,S Dube,,,,,28,2025,"{""pulseId"":""5431"",""cricbuzzId"":null,""cricinfoId"":""714451""}",curated_manual,,,,,,1.0,
27,12b610c2,TM Head,,,,,28,2025,"{""pulseId"":""1020"",""cricbuzzId"":null,""cricinfoId"":""530011""}",curated_manual,,,,,,1.0,
8,bbd41817,AD Russell,,,,,27,2025,"{""pulseId"":""177"",""cricbuzzId"":null,""cricinfoId"":""276298""}",curated_manual,,,,,,1.0,
90,2e171977,AR Patel,,,,,27,2025,"{""pulseId"":""1113"",""cricbuzzId"":null,""cricinfoId"":""554691""}",curated_manual,,,,,,1.0,
109,d5130a30,B Sai Sudharsan,,,,,27,2025,"{""pulseId"":null,""cricbuzzId"":null,""cricinfoId"":""1151288""}",curated_manual,,,,,,1.0,
12,5b7ab5a9,CV Varun,,,,,27,2025,"{""pulseId"":""5432"",""cricbuzzId"":null,""cricinfoId"":""1108375""}",curated_manual,,,,,,1.0,
35,f986ca1a,HV Patel,,,,,27,2025,"{""pulseId"":""157"",""cricbuzzId"":null,""cricinfoId"":""390481""}",curated_manual,,,,,,1.0,
113,39a2dfa8,R Tewatia,,,,,27,2025,"{""pulseId"":""1749"",""cricbuzzId"":null,""cricinfoId"":""423838""}",curated_manual,,,,,,1.0,
117,5f547c8b,Rashid Khan,,,,,27,2025,"{""pulseId"":""2885"",""cricbuzzId"":null,""cricinfoId"":""793463""}",curated_manual,,,,,,1.0,
7,0a509d6b,RK Singh,,,,,27,2025,"{""pulseId"":""3830"",""cricbuzzId"":null,""cricinfoId"":""723105""}",curated_manual,,,,,,1.0,
77,919a3be2,RR Pant,,,,,27,2025,"{""pulseId"":""2972"",""cricbuzzId"":null,""cricinfoId"":""931581""}",curated_manual,,,,,,1.0,
53,271f83cd,SA Yadav,,,,,27,2025,"{""pulseId"":""108"",""cricbuzzId"":null,""cricinfoId"":""446507""}",curated_manual,,,,,,1.0,
110,b4b99816,Shubman Gill,,,,,27,2025,"{""pulseId"":""3761"",""cricbuzzId"":null,""cricinfoId"":""1070173""}",curated_manual,,,,,,1.0,
4,29e95537,AM Rahane,,,,,26,2025,"{""pulseId"":""135"",""cricbuzzId"":null,""cricinfoId"":""277916""}",curated_manual,,,,,,1.0,
95,8d2c70ad,Kuldeep Yadav,,,,,26,2025,"{""pulseId"":""261"",""cricbuzzId"":null,""cricinfoId"":""559235""}",curated_manual,,,,,,1.0,
29,aad0c365,Nithish Kumar Reddy,,,,,26,2025,"{""pulseId"":null,""cricbuzzId"":null,""cricinfoId"":""1175496""}",curated_manual,,,,,,1.0,
43,48a1d7b7,SO Hetmyer,,,,,26,2025,"{""pulseId"":""1705"",""cricbuzzId"":null,""cricinfoId"":""670025""}",curated_manual,,,,,,1.0,
3,9d430b40,SP Narine,,,,,26,2025,"{""pulseId"":""203"",""cricbuzzId"":null,""cricinfoId"":""230558""}",curated_manual,,,,,,1.0,
87,3355b542,F du Plessis,,,,,25,2025,"{""pulseId"":""24"",""cricbuzzId"":null,""cricinfoId"":""44828""}",curated_manual,,,,,,1.0,
10,77b1aa15,Harshit Rana,,,,,25,2025,"{""pulseId"":null,""cricbuzzId"":null,""cricinfoId"":""1312645""}",curated_manual,,,,,,1.0,
111,99b75528,JC Buttler,,,,,25,2025,"{""pulseId"":""509"",""cricbuzzId"":null,""cricinfoId"":""308967""}",curated_manual,,,,,,1.0,
479,462411b3,JJ Bumrah,,,,,25,2025,"{""pulseId"":""1124"",""cricbuzzId"":null,""cricinfoId"":""625383""}",curated_manual,,,,,,1.0,
94,3fb19989,MA Starc,,,,,25,2025,"{""pulseId"":""490"",""cricbuzzId"":null,""cricinfoId"":""311592""}",curated_manual,,,,,,1.0,
14,3d284ca3,PD Salt,,,,,25,2025,"{""pulseId"":""3511"",""cricbuzzId"":null,""cricinfoId"":""669365""}",curated_manual,,,,,,1.0,
9,be24ead0,Ramandeep Singh,,,,,25,2025,"{""pulseId"":null,""cricbuzzId"":null,""cricinfoId"":""1079470""}",curated_manual,,,,,,1.0,
82,df064e1a,Ravi Bishnoi,,,,,25,2025,"{""pulseId"":""19351"",""cricbuzzId"":null,""cricinfoId"":""1175441""}",curated_manual,,,,,,1.0,
20,f1f99156,TH David,,,,,25,2025,"{""pulseId"":null,""cricbuzzId"":null,""cricinfoId"":""892749""}",curated_manual,,,,,,1.0,
5,a24be938,VR Iyer,,,,,25,2025,"{""pulseId"":null,""cricbuzzId"":null,""cricinfoId"":""851403""}",curated_manual,,,,,,1.0,
74,6a26221c,AK Markram,,,,,24,2025,"{""pulseId"":""1667"",""cricbuzzId"":null,""cricinfoId"":""600498""}",curated_manual,,,,,,1.0,
92,84d9c311,Ashutosh Sharma,,,,,24,2025,"{""pulseId"":null,""cricbuzzId"":null,""cricinfoId"":""1131978""}",curated_manual,,,,,,1.0,
71,efc04be7,Noor Ahmad,,,,,24,2025,"{""pulseId"":null,""cricbuzzId"":null,""cricinfoId"":""1182529""}",curated_manual,,,,,,1.0,
39,a4cc73aa,SV Samson,,,,,24,2025,"{""pulseId"":""258"",""cricbuzzId"":null,""cricinfoId"":""425943""}",curated_manual,,,,,,1.0,
304,d1a60072,N Wadhera,,,,,23,2025,"{""pulseId"":null,""cricbuzzId"":null,""cricinfoId"":""1151273""}",curated_manual,,,,,,1.0,
56,fffa744b,Naman Dhir,,,,,23,2025,"{""pulseId"":null,""cricbuzzId"":null,""cricinfoId"":""1287032""}",curated_manual,,,,,,1.0,
70,495d42a5,R Ashwin,,,,,23,2025,"{""pulseId"":""8"",""cricbuzzId"":null,""cricinfoId"":""26421""}",curated_manual,,,,,,1.0,
47,46a9bea1,TU Deshpande,,,,,23,2025,"{""pulseId"":""3257"",""cricbuzzId"":null,""cricinfoId"":""822553""}",curated_manual,,,,,,1.0,
6,d7017798,A Raghuvanshi,,,,,22,2025,"{""pulseId"":null,""cricbuzzId"":null,""cricinfoId"":""1292495""}",curated_manual,,,,,,1.0,
58,23eeb873,DL Chahar,,,,,22,2025,"{""pulseId"":""140"",""cricbuzzId"":null,""cricinfoId"":""447261""}",curated_manual,,,,,,1.0,
114,7dcb9bc9,M Shahrukh Khan,,,,,22,2025,"{""pulseId"":""7779"",""cricbuzzId"":null,""cricinfoId"":""719719""}",curated_manual,,,,,,1.0,
85,2cffab74,Mukesh Kumar,,,,,22,2025,"{""pulseId"":null,""cricbuzzId"":null,""cricinfoId"":""926851""}",curated_manual,,,,,,1.0,
1,7c3b3b78,VG Arora,,,,,22,2025,"{""pulseId"":null,""cricbuzzId"":null,""cricinfoId"":""1209292""}",curated_manual,,,,,,1.0,
811,c05edf8e,Harpreet Brar,,,,,21,2025,"{""pulseId"":""5441"",""cricbuzzId"":null,""cricinfoId"":""1168641""}",curated_manual,,,,,,1.0,
52,9caf69a1,WG Jacks,,,,,21,2025,"{""pulseId"":""3786"",""cricbuzzId"":null,""cricinfoId"":""897549""}",curated_manual,,,,,,1.0,
78,d67d5f00,DA Miller,,,,,20,2025,"{""pulseId"":""187"",""cricbuzzId"":null,""cricinfoId"":""321777""}",curated_manual,,,,,,1.0,
96,759ac88f,MM Sharma,,,,,20,2025,"{""pulseId"":""1107"",""cricbuzzId"":null,""cricinfoId"":""537119""}",curated_manual,,,,,,1.0,
116,c7a995d3,R Sai Kishore,,,,,20,2025,"{""pulseId"":null,""cricbuzzId"":null,""cricinfoId"":""1048739""}",curated_manual,,,,,,1.0,
48,ce820073,Sandeep Sharma,,,,,20,2025,"{""pulseId"":""1112"",""cricbuzzId"":null,""cricinfoId"":""438362""}",curated_manual,,,,,,1.0,
2,372455c4,Q de Kock,,,,,19,2025,"{""pulseId"":""834"",""cricbuzzId"":null,""cricinfoId"":""379143""}",curated_manual,,,,,,1.0,
64,45a43fe2,RD Gaikwad,,,,,19,2025,"{""pulseId"":""5443"",""cricbuzzId"":null,""cricinfoId"":""1060380""}",curated_manual,,,,,,1.0,
81,f9e6e7ef,Shahbaz Ahmed,,,,,19,2025,"{""pulseId"":""13803"",""cricbuzzId"":null,""cricinfoId"":""1159711""}",curated_manual,,,,,,1.0,
80,1abb78f8,SN Thakur,,,,,19,2025,"{""pulseId"":""1745"",""cricbuzzId"":null,""cricinfoId"":""475281""}",curated_manual,,,,,,1.0,
66,73ad96ed,DJ Hooda,,,,,18,2025,"{""pulseId"":""1556"",""cricbuzzId"":null,""cricinfoId"":""497121""}",curated_manual,,,,,,1.0,
443,1e66c162,JD Unadkat,,,,,18,2025,"{""pulseId"":""86"",""cricbuzzId"":null,""cricinfoId"":""390484""}",curated_manual,,,,,,1.0,
105,81c36ee9,M Jansen,,,,,18,2025,"{""pulseId"":""17068"",""cricbuzzId"":null,""cricinfoId"":""696401""}",curated_manual,,,,,,1.0,
181,64839cb3,M Pathirana,,,,,18,2025,"{""pulseId"":null,""cricbuzzId"":null,""cricinfoId"":""1194795""}",curated_manual,,,,,,1.0,
97,b5797845,Priyansh Arya,,,,,18,2025,"{""pulseId"":null,""cricbuzzId"":null,""cricinfoId"":""1175456""}",curated_manual,,,,,,1.0,
62,ba5e1069,R Ravindra,,,,,18,2025,"{""pulseId"":""3028"",""cricbuzzId"":null,""cricinfoId"":""959767""}",curated_manual,,,,,,1.0,
67,e94915e6,SM Curran,,,,,18,2025,"{""pulseId"":""2939"",""cricbuzzId"":""10420"",""cricinfoId"":""662973""}",curated_manual,,,,,,1.0,
100,8f6dd463,Azmatullah Omarzai,,,,,17,2025,"{""pulseId"":""4823"",""cricbuzzId"":null,""cricinfoId"":""819429""}",curated_manual,,,,,,1.0,
16,2c25d4f5,D Padikkal,,,,,17,2025,"{""pulseId"":""5430"",""cricbuzzId"":null,""cricinfoId"":""1119026""}",curated_manual,,,,,,1.0,
101,b681e71e,GJ Maxwell,,,,,17,2025,"{""pulseId"":""282"",""cricbuzzId"":null,""cricinfoId"":""325026""}",curated_manual,,,,,,1.0,
18,50c6bc2b,LS Livingstone,,,,,17,2025,"{""pulseId"":""3644"",""cricbuzzId"":null,""cricinfoId"":""403902""}",curated_manual,,,,,,1.0,
75,3d8feaf8,MR Marsh,,,,,17,2025,"{""pulseId"":""221"",""cricbuzzId"":null,""cricinfoId"":""272450""}",curated_manual,,,,,,1.0,
1304,ce794613,T Natarajan,,,,,17,2025,"{""pulseId"":""3831"",""cricbuzzId"":null,""cricinfoId"":""802575""}",curated_manual,,,,,,1.0,
193,5bb1a1c4,I Sharma,,,,,16,2025,"{""pulseId"":""38"",""cricbuzzId"":null,""cricinfoId"":""236779""}",curated_manual,,,,,,1.0,
46,f24c6701,M Theekshana,,,,,16,2025,"{""pulseId"":null,""cricbuzzId"":null,""cricinfoId"":""1138316""}",curated_manual,,,,,,1.0,
57,e4a0deae,MJ Santner,,,,,16,2025,"{""pulseId"":""1903"",""cricbuzzId"":null,""cricinfoId"":""502714""}",curated_manual,,,,,,1.0,
13,9440ef41,Suyash Sharma,,,,,16,2025,"{""pulseId"":null,""cricbuzzId"":null,""cricinfoId"":""1350792""}",curated_manual,,,,,,1.0,
86,9b6e1b3f,J Fraser-McGurk,,,,,15,2025,"{""pulseId"":null,""cricbuzzId"":null,""cricinfoId"":""1168049""}",curated_manual,,,,,,1.0,
118,e62dd25d,K Rabada,,,,,15,2025,"{""pulseId"":""1664"",""cricbuzzId"":null,""cricinfoId"":""550215""}",curated_manual,,,,,,1.0,
671,119678fd,KV Sharma,,,,,15,2025,"{""pulseId"":""1118"",""cricbuzzId"":null,""cricinfoId"":""30288""}",curated_manual,,,,,,1.0,
120,85e0cf10,M Prasidh Krishna,,,,,15,2025,"{""pulseId"":""5105"",""cricbuzzId"":null,""cricinfoId"":""917159""}",curated_manual,,,,,,1.0,
31,a3b0600d,Aniket Verma,,,,,14,2025,"{""pulseId"":null,""cricbuzzId"":null,""cricinfoId"":""1409976""}",curated_manual,,,,,,1.0,
1206,3204c99f,G Coetzee,,,,,14,2025,"{""pulseId"":null,""cricbuzzId"":null,""cricinfoId"":""596010""}",curated_manual,,,,,,1.0,
134,bb351c23,MM Ali,,,,,14,2025,"{""pulseId"":""1735"",""cricbuzzId"":null,""cricinfoId"":""8917""}",curated_manual,,,,,,1.0,
881,c5aef772,R Shepherd,,,,,14,2025,"{""pulseId"":""5036"",""cricbuzzId"":null,""cricinfoId"":""677077""}",curated_manual,,,,,,1.0,
51,e66732f8,RD Rickelton,,,,,14,2025,"{""pulseId"":null,""cricbuzzId"":null,""cricinfoId"":""605661""}",curated_manual,,,,,,1.0,
89,f89d3b11,Sameer Rizvi,,,,,14,2025,"{""pulseId"":null,""cricbuzzId"":null,""cricinfoId"":""1175489""}",curated_manual,,,,,,1.0,
93,5ffc0565,V Nigam,,,,,14,2025,"{""pulseId"":null,""cricbuzzId"":null,""cricinfoId"":""1449074""}",curated_manual,,,,,,1.0,
115,12314277,Arshad Khan,,,,,13,2025,"{""pulseId"":null,""cricbuzzId"":null,""cricinfoId"":""1244751""}",curated_manual,,,,,,1.0,
83,13fc5c6d,DS Rathi,,,,,13,2025,"{""pulseId"":null,""cricbuzzId"":null,""cricinfoId"":""1460529""}",curated_manual,,,,,,1.0,
1701,abb83e27,JM Bairstow,,,,,13,2025,"{""pulseId"":""506"",""cricbuzzId"":null,""cricinfoId"":""297433""}",curated_manual,,,,,,1.0,
41,fb2d1dda,N Rana,,,,,13,2025,"{""pulseId"":""2738"",""cricbuzzId"":null,""cricinfoId"":""604527""}",curated_manual,,,,,,1.0,
44,6b2ff18f,SB Dubey,,,,,13,2025,"{""pulseId"":null,""cricbuzzId"":null,""cricinfoId"":""1252585""}",curated_manual,,,,,,1.0,
112,d014d5ac,SE Rutherford,,,,,13,2025,"{""pulseId"":""5396"",""cricbuzzId"":null,""cricinfoId"":""914541""}",curated_manual,,,,,,1.0,
257,0994d0ae,V Shankar,,,,,13,2025,"{""pulseId"":""1083"",""cricbuzzId"":null,""cricinfoId"":""477021""}",curated_manual,,,,,,1.0,
45,5574750c,JC Archer,,,,,12,2025,"{""pulseId"":""3502"",""cricbuzzId"":null,""cricinfoId"":""669855""}",curated_manual,,,,,,1.0,
722,989889ff,JP Inglis,,,,,12,2025,"{""pulseId"":null,""cricbuzzId"":null,""cricinfoId"":""662235""}",curated_manual,,,,,,1.0,
23,03806cf8,JR Hazlewood,,,,,12,2025,"{""pulseId"":""857"",""cricbuzzId"":null,""cricinfoId"":""288284""}",curated_manual,,,,,,1.0,
1423,0a8fce53,Mustafizur Rahman,,,,,12,2025,"{""pulseId"":""1594"",""cricbuzzId"":null,""cricinfoId"":""330902""}",curated_manual,,,,,,1.0,
515,4b31f3a3,Yash Thakur,,,,,12,2025,"{""pulseId"":null,""cricbuzzId"":null,""cricinfoId"":""1070196""}",curated_manual,,,,,,1.0,
586,fcc21ace,A Kamboj,,,,,11,2025,"{""pulseId"":null,""cricbuzzId"":null,""cricinfoId"":""1175428""}",curated_manual,,,,,,1.0,
310,2f9d0389,LH Ferguson,,,,,11,2025,"{""pulseId"":""3729"",""cricbuzzId"":""10692"",""cricinfoId"":""493773""}",curated_manual,,,,,,1.0,
125,a97c8ec2,PWH de Silva,,,,,11,2025,"{""pulseId"":""3082"",""cricbuzzId"":null,""cricinfoId"":""784379""}",curated_manual,,,,,,1.0,
1049,650d5e49,R Powell,,,,,11,2025,"{""pulseId"":""3333"",""cricbuzzId"":null,""cricinfoId"":""820351""}",curated_manual,,,,,,1.0,
63,77255a9e,RA Tripathi,,,,,11,2025,"{""pulseId"":""3838"",""cricbuzzId"":null,""cricinfoId"":""446763""}",curated_manual,,,,,,1.0,
32,0890552f,A Manohar,,,,,10,2025,"{""pulseId"":null,""cricbuzzId"":null,""cricinfoId"":""778963""}",curated_manual,,,,,,1.0,
22,b8527c3d,Rasikh Salam,,,,,10,2025,"{""pulseId"":""5437"",""cricbuzzId"":null,""cricinfoId"":""1161489""}",curated_manual,,,,,,1.0,
767,2ed569a0,RD Chahar,,,,,10,2025,"{""pulseId"":""3763"",""cricbuzzId"":null,""cricinfoId"":""1064812""}",curated_manual,,,,,,1.0,
228,36619795,Zeeshan Ansari,,,,,10,2025,"{""pulseId"":""2974"",""cricbuzzId"":null,""cricinfoId"":""942371""}",curated_manual,,,,,,1.0,
1196,4bd09374,Akash Madhwal,,,,,9,2025,"{""pulseId"":null,""cricbuzzId"":null,""cricinfoId"":""1206039""}",curated_manual,,,,,,1.0,
1010,844e79d1,D Brevis,,,,,9,2025,"{""pulseId"":null,""cricbuzzId"":null,""cricinfoId"":""1070665""}",curated_manual,,,,,,1.0,
36,8cf9814c,Mohammed Shami,,,,,9,2025,"{""pulseId"":""94"",""cricbuzzId"":null,""cricinfoId"":""481896""}",curated_manual,,,,,,1.0,
11,83c3e8e3,SH Johnson,,,,,9,2025,"{""pulseId"":null,""cricbuzzId"":null,""cricinfoId"":""1123718""}",curated_manual,,,,,,1.0,
108,54e52590,Vijaykumar Vyshak,,,,,9,2025,"{""pulseId"":null,""cricbuzzId"":null,""cricinfoId"":""777815""}",curated_manual,,,,,,1.0,
742,acdc62f5,A Nortje,,,,,8,2025,"{""pulseId"":""5433"",""cricbuzzId"":null,""cricinfoId"":""481979""}",curated_manual,,,,,,1.0,
686,944533a5,KK Nair,,,,,8,2025,"{""pulseId"":""276"",""cricbuzzId"":null,""cricinfoId"":""398439""}",curated_manual,,,,,,1.0,
1545,00ea847a,MA Agarwal,,,,,8,2025,"{""pulseId"":""158"",""cricbuzzId"":null,""cricinfoId"":""398438""}",curated_manual,,,,,,1.0,
1674,ee1b6c27,N Thushara,,,,,8,2025,"{""pulseId"":null,""cricbuzzId"":null,""cricinfoId"":""955235""}",curated_manual,,,,,,1.0,
955,327b58d3,PVD Chameera,,,,,8,2025,"{""pulseId"":""817"",""cricbuzzId"":null,""cricinfoId"":""552152""}",curated_manual,,,,,,1.0,
34,30df8c66,Simarjeet Singh,,,,,8,2025,"{""pulseId"":null,""cricbuzzId"":null,""cricinfoId"":""1159722""}",curated_manual,,,,,,1.0,
448,f19ccfad,Washington Sundar,,,,,8,2025,"{""pulseId"":""2973"",""cricbuzzId"":null,""cricinfoId"":""719715""}",curated_manual,,,,,,1.0,
890,b2b4f545,A Mhatre,,,,,7,2025,"{""pulseId"":null,""cricbuzzId"":null,""cricinfoId"":""1452455""}",curated_manual,,,,,,1.0,
369,0a67aec0,Akash Deep,,,,,7,2025,"{""pulseId"":null,""cricbuzzId"":null,""cricinfoId"":""1176959""}",curated_manual,,,,,,1.0,
287,d45c29b1,Ashwani Kumar,,,,,7,2025,"{""pulseId"":null,""cricbuzzId"":null,""cricinfoId"":""1209126""}",curated_manual,,,,,,1.0,
635,5750bcb4,E Malinga,,,,,7,2025,"{""pulseId"":null,""cricbuzzId"":null,""cricinfoId"":""1306214""}",curated_manual,,,,,,1.0,
924,0bacade8,Rahmanullah Gurbaz,,,,,7,2025,"{""pulseId"":""4681"",""cricbuzzId"":null,""cricinfoId"":""974087""}",curated_manual,,,,,,1.0,
853,470f446b,V Suryavanshi,,,,,7,2025,"{""pulseId"":null,""cricbuzzId"":null,""cricinfoId"":""1408688""}",curated_manual,,,,,,1.0,
398,df5a6881,DP Conway,,,,,6,2025,"{""pulseId"":""4650"",""cricbuzzId"":null,""cricinfoId"":""379140""}",curated_manual,,,,,,1.0,
1077,b1ad996b,MP Yadav,,,,,6,2025,"{""pulseId"":null,""cricbuzzId"":null,""cricinfoId"":""1292563""}",curated_manual,,,,,,1.0,
84,80b2fb19,Prince Yadav,,,,,6,2025,"{""pulseId"":null,""cricbuzzId"":null,""cricinfoId"":""1350768""}",curated_manual,,,,,,1.0,
418,4885bbe6,Yudhvir Singh,,,,,6,2025,"{""pulseId"":null,""cricbuzzId"":null,""cricinfoId"":""1206052""}",curated_manual,,,,,,1.0,
37,e9c7f0d0,Fazalhaq Farooqi,,,,,5,2025,"{""pulseId"":null,""cricbuzzId"":null,""cricinfoId"":""974175""}",curated_manual,,,,,,1.0,
73,cf0ccafa,M Siddharth,,,,,5,2025,"{""pulseId"":null,""cricbuzzId"":null,""cricinfoId"":""1151286""}",curated_manual,,,,,,1.0,
353,08548b13,PHKD Mendis,,,,,5,2025,"{""pulseId"":""3086"",""cricbuzzId"":null,""cricinfoId"":""784373""}",curated_manual,,,,,,1.0,
1734,8db7f47f,RJW Topley,,,,,5,2025,"{""pulseId"":""2839"",""cricbuzzId"":null,""cricinfoId"":""461632""}",curated_manual,,,,,,1.0,
708,cbf58a86,SK Rasheed,,,,,5,2025,"{""pulseId"":null,""cricbuzzId"":null,""cricinfoId"":""1292497""}",curated_manual,,,,,,1.0,
104,970ddd24,Suryansh Shedge,,,,,5,2025,"{""pulseId"":null,""cricbuzzId"":null,""cricinfoId"":""1339698""}",curated_manual,,,,,,1.0,
49,1e030637,V Puthur,,,,,5,2025,"{""pulseId"":null,""cricbuzzId"":null,""cricinfoId"":""1460388""}",curated_manual,,,,,,1.0,
1134,e4cdf230,AS Roy,,,,,4,2025,"{""pulseId"":""3774"",""cricbuzzId"":null,""cricinfoId"":""1079839""}",curated_manual,,,,,,1.0,
248,f6d8a7ab,K Kartikeya,,,,,4,2025,"{""pulseId"":null,""cricbuzzId"":null,""cricinfoId"":""1159843""}",curated_manual,,,,,,1.0,
1649,68c56d09,KA Jamieson,,,,,4,2025,"{""pulseId"":""1616"",""cricbuzzId"":null,""cricinfoId"":""625960""}",curated_manual,,,,,,1.0,
1409,107c26fb,KT Maphaka,,,,,4,2025,"{""pulseId"":null,""cricbuzzId"":null,""cricinfoId"":""1294342""}",curated_manual,,,,,,1.0,
270,93b4fc78,MK Pandey,,,,,4,2025,"{""pulseId"":""123"",""cricbuzzId"":null,""cricinfoId"":""290630""}",curated_manual,,,,,,1.0,
728,3b53243a,XC Bartlett,,,,,4,2025,"{""pulseId"":null,""cricbuzzId"":null,""cricinfoId"":""1050545""}",curated_manual,,,,,,1.0,
1281,b483905d,Akash Singh,,,,,3,2025,"{""pulseId"":null,""cricbuzzId"":null,""cricinfoId"":""1175458""}",curated_manual,,,,,,1.0,
1449,1ac746c8,Atharva Taide,,,,,3,2025,"{""pulseId"":null,""cricbuzzId"":null,""cricinfoId"":""1125958""}",curated_manual,,,,,,1.0,
1062,172dff15,C Bosch,,,,,3,2025,"{""pulseId"":""1666"",""cricbuzzId"":null,""cricinfoId"":""594322""}",curated_manual,,,,,,1.0,
822,f0af99a7,D Ferreira,,,,,3,2025,"{""pulseId"":null,""cricbuzzId"":null,""cricinfoId"":""698315""}",curated_manual,,,,,,1.0,
1458,25228673,Harsh Dubey,,,,,3,2025,"{""pulseId"":null,""cricbuzzId"":null,""cricinfoId"":""1216159""}",curated_manual,,,,,,1.0,
618,ebcfef83,Himmat Singh,,,,,3,2025,"{""pulseId"":null,""cricbuzzId"":null,""cricinfoId"":""805235""}",curated_manual,,,,,,1.0,
260,59559bc2,J Overton,,,,,3,2025,"{""pulseId"":""1300"",""cricbuzzId"":null,""cricinfoId"":""510530""}",curated_manual,,,,,,1.0,
406,765a4731,Mukesh Choudhary,,,,,3,2025,"{""pulseId"":null,""cricbuzzId"":null,""cricinfoId"":""1125688""}",curated_manual,,,,,,1.0,
380,ba6b2f91,RA Bawa,,,,,3,2025,"{""pulseId"":null,""cricbuzzId"":null,""cricinfoId"":""1292502""}",curated_manual,,,,,,1.0,
1710,402f8494,RJ Gleeson,,,,,3,2025,"{""pulseId"":null,""cricbuzzId"":null,""cricinfoId"":""473191""}",curated_manual,,,,,,1.0,
1357,cf59b3f0,Urvil Patel,,,,,3,2025,"{""pulseId"":null,""cricbuzzId"":null,""cricinfoId"":""1131570""}",curated_manual,,,,,,1.0,
1447,cb9b8664,W O'Rourke,,,,,3,2025,"{""pulseId"":null,""cricbuzzId"":null,""cricinfoId"":""1211825""}",curated_manual,,,,,,1.0,
25,14f96089,A Zampa,,,,,2,2025,"{""pulseId"":""958"",""cricbuzzId"":null,""cricinfoId"":""379504""}",curated_manual,,,,,,1.0,
1091,3c55c703,JG Bethell,,,,,2,2025,"{""pulseId"":null,""cricbuzzId"":null,""cricinfoId"":""1194959""}",curated_manual,,,,,,1.0,
1231,f834dcfc,L Ngidi,,,,,2,2025,"{""pulseId"":""3746"",""cricbuzzId"":null,""cricinfoId"":""542023""}",curated_manual,,,,,,1.0,
1383,fb5f69e4,M Tiwari,,,,,2,2025,"{""pulseId"":null,""cricbuzzId"":null,""cricinfoId"":""1460385""}",curated_manual,,,,,,1.0,
72,9eb1455b,NT Ellis,,,,,2,2025,"{""pulseId"":null,""cricbuzzId"":null,""cricinfoId"":""826915""}",curated_manual,,,,,,1.0,
60,c27b5a0e,PVSN Raju,,,,,2,2025,"{""pulseId"":null,""cricbuzzId"":null,""cricinfoId"":""1392201""}",curated_manual,,,,,,1.0,
55,bafd0398,R Minz,,,,,2,2025,"{""pulseId"":null,""cricbuzzId"":null,""cricinfoId"":""1350762""}",curated_manual,,,,,,1.0,
1714,5d1e7582,BKG Mendis,,,,,1,2025,"{""pulseId"":""1670"",""cricbuzzId"":null,""cricinfoId"":""629074""}",curated_manual,,,,,,1.0,
1042,2cdce1be,C Sakariya,,,,,1,2025,"{""pulseId"":""11062"",""cricbuzzId"":null,""cricinfoId"":""1131754""}",curated_manual,,,,,,1.0,
528,fa2f1dde,K Khejroliya,,,,,1,2025,"{""pulseId"":""3835"",""cricbuzzId"":null,""cricinfoId"":""1083033""}",curated_manual,,,,,,1.0,
1109,62175638,Karim Janat,,,,,1,2025,"{""pulseId"":""2901"",""cricbuzzId"":null,""cricinfoId"":""793467""}",curated_manual,,,,,,1.0,
1260,e3851766,KS Rathore,,,,,1,2025,"{""pulseId"":null,""cricbuzzId"":null,""cricinfoId"":""1339031""}",curated_manual,,,,,,1.0,
1391,f2c936d7,MJ Owen,,,,,1,2025,"{""pulseId"":null,""cricbuzzId"":null,""cricinfoId"":""1213979""}",curated_manual,,,,,,1.0,
1653,35f173a0,MP Breetzke,,,,,1,2025,"{""pulseId"":null,""cricbuzzId"":null,""cricinfoId"":""595267""}",curated_manual,,,,,,1.0,
798,e96801ea,MS Bhandage,,,,,1,2025,"{""pulseId"":null,""cricbuzzId"":null,""cricinfoId"":""1057399""}",curated_manual,,,,,,1.0,
216,7d92277a,Mujeeb Ur Rahman,,,,,1,2025,"{""pulseId"":""4572"",""cricbuzzId"":null,""cricinfoId"":""974109""}",curated_manual,,,,,,1.0,
1682,d621b427,Musheer Khan,,,,,1,2025,"{""pulseId"":null,""cricbuzzId"":null,""cricinfoId"":""1316430""}",curated_manual,,,,,,1.0,
1555,ed5a5510,P Dubey,,,,,1,2025,"{""pulseId"":""3188"",""cricbuzzId"":null,""cricinfoId"":""777515""}",curated_manual,,,,,,1.0,
225,c96f6ac5,PWA Mulder,,,,,1,2025,"{""pulseId"":""3070"",""cricbuzzId"":null,""cricinfoId"":""698189""}",curated_manual,,,,,,1.0,
1308,dc9dd038,Sachin Baby,,,,,1,2025,"{""pulseId"":""1115"",""cricbuzzId"":null,""cricinfoId"":""432783""}",curated_manual,,,,,,1.0,
1571,3c28853f,Sediqullah Atal,,,,,1,2025,"{""pulseId"":null,""cricbuzzId"":null,""cricinfoId"":""1161050""}",curated_manual,,,,,,1.0,
1830,c03f1114,KD Karthik,,,,,15,2024,"{""pulseId"":""102"",""cricbuzzId"":null,""cricinfoId"":""30045""}",curated_manual,,,,,,1.0,
22770,eaa76d3c,C Green,,,,,13,2024,"{""pulseId"":""4093"",""cricbuzzId"":null,""cricinfoId"":""1076713""}",curated_manual,,,,,,1.0,
21883,eade4650,DJ Mitchell,,,,,13,2024,"{""pulseId"":""3642"",""cricbuzzId"":null,""cricinfoId"":""381743""}",curated_manual,,,,,,1.0,
1812,98ae73b1,PP Chawla,,,,,11,2024,"{""pulseId"":""76"",""cricbuzzId"":null,""cricinfoId"":""32966""}",curated_manual,,,,,,1.0,
16373,da934ee8,MK Lomror,,,,,10,2024,"{""pulseId"":""2970"",""cricbuzzId"":null,""cricinfoId"":""853265""}",curated_manual,,,,,,1.0,
21117,c33d8116,Mohsin Khan,,,,,10,2024,"{""pulseId"":null,""cricbuzzId"":null,""cricinfoId"":""1132005""}",curated_manual,,,,,,1.0,
23277,c0c411cb,Naveen-ul-Haq,,,,,10,2024,"{""pulseId"":""3122"",""cricbuzzId"":null,""cricinfoId"":""793447""}",curated_manual,,,,,,1.0,
24465,1fc6ef83,SD Hope,,,,,9,2024,"{""pulseId"":""2751"",""cricbuzzId"":null,""cricinfoId"":""581379""}",curated_manual,,,,,,1.0,
1777,fe11caa6,WP Saha,,,,,9,2024,"{""pulseId"":""16"",""cricbuzzId"":null,""cricinfoId"":""279810""}",curated_manual,,,,,,1.0,
3565,dcce6f09,DA Warner,,,,,8,2024,"{""pulseId"":""170"",""cricbuzzId"":null,""cricinfoId"":""219889""}",curated_manual,,,,,,1.0,
16236,8b3e9c7c,PP Shaw,,,,,8,2024,"{""pulseId"":""3764"",""cricbuzzId"":null,""cricinfoId"":""1070168""}",curated_manual,,,,,,1.0,
11036,cad00a4d,RR Rossouw,,,,,8,2024,"{""pulseId"":""239"",""cricbuzzId"":null,""cricinfoId"":""318845""}",curated_manual,,,,,,1.0,
15773,a9fd84fb,M Markande,,,,,7,2024,"{""pulseId"":""4951"",""cricbuzzId"":null,""cricinfoId"":""1081442""}",curated_manual,,,,,,1.0,
14878,62af8546,Mohammad Nabi,,,,,7,2024,"{""pulseId"":""618"",""cricbuzzId"":null,""cricinfoId"":""25913""}",curated_manual,,,,,,1.0,
13846,983f2f61,Swapnil Singh,,,,,7,2024,"{""pulseId"":""3180"",""cricbuzzId"":null,""cricinfoId"":""232292""}",curated_manual,,,,,,1.0,
4542,cc1e8c68,UT Yadav,,,,,7,2024,"{""pulseId"":""59"",""cricbuzzId"":null,""cricinfoId"":""376116""}",curated_manual,,,,,,1.0,
20322,c8f5f961,Anuj Rawat,,,,,5,2024,"{""pulseId"":null,""cricbuzzId"":null,""cricinfoId"":""1123073""}",curated_manual,,,,,,1.0,
23340,a457cfb5,Mayank Dagar,,,,,5,2024,"{""pulseId"":""2968"",""cricbuzzId"":null,""cricinfoId"":""942367""}",curated_manual,,,,,,1.0,
24522,465aa633,N Burger,,,,,5,2024,"{""pulseId"":null,""cricbuzzId"":null,""cricinfoId"":""971349""}",curated_manual,,,,,,1.0,
1828,0a476045,S Dhawan,,,,,5,2024,"{""pulseId"":""41"",""cricbuzzId"":null,""cricinfoId"":""28235""}",curated_manual,,,,,,1.0,
18105,cdc6bdba,S Sandeep Warrier,,,,,5,2024,"{""pulseId"":""1092"",""cricbuzzId"":null,""cricinfoId"":""592735""}",curated_manual,,,,,,1.0,
24915,57ca01b3,Kumar Kushagra,,,,,4,2024,"{""pulseId"":null,""cricbuzzId"":null,""cricinfoId"":""1207295""}",curated_manual,,,,,,1.0,
15507,e84ac20c,MJ Henry,,,,,4,2024,"{""pulseId"":""1505"",""cricbuzzId"":null,""cricinfoId"":""506612""}",curated_manual,,,,,,1.0,
24146,b0f2baf4,Sanvir Singh,,,,,4,2024,"{""pulseId"":null,""cricbuzzId"":null,""cricinfoId"":""1132219""}",curated_manual,,,,,,1.0,
24470,8998a68f,Sumit Kumar,,,,,4,2024,"{""pulseId"":null,""cricbuzzId"":null,""cricinfoId"":""1159734""}",curated_manual,,,,,,1.0,
17487,b0946605,AS Joseph,,,,,3,2024,"{""pulseId"":""3098"",""cricbuzzId"":null,""cricinfoId"":""670031""}",curated_manual,,,,,,1.0,
21392,cd8d2859,DG Nalkande,,,,,3,2024,"{""pulseId"":null,""cricbuzzId"":null,""cricinfoId"":""1111917""}",curated_manual,,,,,,1.0,
21470,2e78f685,KR Sen,,,,,3,2024,"{""pulseId"":null,""cricbuzzId"":null,""cricinfoId"":""1163695""}",curated_manual,,,,,,1.0,
11483,7a8bd078,S Gopal,,,,,3,2024,"{""pulseId"":""1748"",""cricbuzzId"":null,""cricinfoId"":""344580""}",curated_manual,,,,,,1.0,
24875,9e7225b0,Saurav Chauhan,,,,,3,2024,"{""pulseId"":null,""cricbuzzId"":null,""cricinfoId"":""1287369""}",curated_manual,,,,,,1.0,
25949,f836b33d,T Kohler-Cadmore,,,,,3,2024,"{""pulseId"":""3593"",""cricbuzzId"":null,""cricinfoId"":""470633""}",curated_manual,,,,,,1.0,
25803,03a83c50,V Viyaskanth,,,,,3,2024,"{""pulseId"":null,""cricbuzzId"":null,""cricinfoId"":""1153149""}",curated_manual,,,,,,1.0,
25579,2d140b79,AA Kulkarni,,,,,2,2024,"{""pulseId"":null,""cricbuzzId"":null,""cricinfoId"":""1403153""}",curated_manual,,,,,,1.0,
17780,ff1e12a0,AJ Turner,,,,,2,2024,"{""pulseId"":""1285"",""cricbuzzId"":null,""cricinfoId"":""500268""}",curated_manual,,,,,,1.0,
20373,1399b39c,Anmolpreet Singh,,,,,2,2024,"{""pulseId"":""2965"",""cricbuzzId"":null,""cricinfoId"":""851261""}",curated_manual,,,,,,1.0,
25763,9f77963a,Gulbadin Naib,,,,,2,2024,"{""pulseId"":""613"",""cricbuzzId"":null,""cricinfoId"":""352048""}",curated_manual,,,,,,1.0,
4661,28c78fb3,Harpreet Singh,,,,,2,2024,"{""pulseId"":""119"",""cricbuzzId"":null,""cricinfoId"":""340854""}",curated_manual,,,,,,1.0,
24991,0b60eb09,KA Maharaj,,,,,2,2024,"{""pulseId"":""1894"",""cricbuzzId"":null,""cricinfoId"":""267724""}",curated_manual,,,,,,1.0,
11929,d027ba9f,KS Williamson,,,,,2,2024,"{""pulseId"":""440"",""cricbuzzId"":null,""cricinfoId"":""277906""}",curated_manual,,,,,,1.0,
24547,65b6943c,L Wood,,,,,2,2024,"{""pulseId"":""1554"",""cricbuzzId"":null,""cricinfoId"":""573170""}",curated_manual,,,,,,1.0,
19860,ad427b5c,Lalit Yadav,,,,,2,2024,"{""pulseId"":""6870"",""cricbuzzId"":null,""cricinfoId"":""930189""}",curated_manual,,,,,,1.0,
25455,a1d95bd8,LB Williams,,,,,2,2024,"{""pulseId"":null,""cricbuzzId"":null,""cricinfoId"":""379887""}",curated_manual,,,,,,1.0,
5955,afa7e784,MS Wade,,,,,2,2024,"{""pulseId"":""290"",""cricbuzzId"":null,""cricinfoId"":""230193""}",curated_manual,,,,,,1.0,
16192,b63e358a,RK Bhui,,,,,2,2024,"{""pulseId"":""1555"",""cricbuzzId"":null,""cricinfoId"":""642531""}",curated_manual,,,,,,1.0,
22699,26d041c4,Sikandar Raza,,,,,2,2024,"{""pulseId"":""1129"",""cricbuzzId"":null,""cricinfoId"":""299572""}",curated_manual,,,,,,1.0,
24556,9d704f6f,SZ Mulani,,,,,2,2024,"{""pulseId"":null,""cricbuzzId"":null,""cricinfoId"":""1131607""}",curated_manual,,,,,,1.0,
2481,6b19d823,A Mishra,,,,,1,2024,"{""pulseId"":""30"",""cricbuzzId"":null,""cricinfoId"":""31107""}",curated_manual,,,,,,1.0,
23192,44aac2f0,Arjun Tendulkar,,,,,1,2024,"{""pulseId"":null,""cricbuzzId"":null,""cricinfoId"":""1148776""}",curated_manual,,,,,,1.0,
24935,c2dd89ea,BR Sharath,,,,,1,2024,"{""pulseId"":null,""cricbuzzId"":null,""cricinfoId"":""917231""}",curated_manual,,,,,,1.0,
24318,52294a79,H Sharma,,,,,1,2024,"{""pulseId"":null,""cricbuzzId"":null,""cricinfoId"":""1350761""}",curated_manual,,,,,,1.0,
22692,9061a703,J Little,,,,,1,2024,"{""pulseId"":""2983"",""cricbuzzId"":null,""cricinfoId"":""928067""}",curated_manual,,,,,,1.0,
19795,1ee08e9a,JA Richardson,,,,,1,2024,"{""pulseId"":""3781"",""cricbuzzId"":null,""cricinfoId"":""774223""}",curated_manual,,,,,,1.0,
15835,90de905a,K Gowtham,,,,,1,2024,"{""pulseId"":""3834"",""cricbuzzId"":null,""cricinfoId"":""424377""}",curated_manual,,,,,,1.0,
18842,5d2eea49,Kartik Tyagi,,,,,1,2024,"{""pulseId"":""10059"",""cricbuzzId"":null,""cricinfoId"":""1122918""}",curated_manual,,,,,,1.0,
25669,025c4400,MJ Suthar,,,,,1,2024,"{""pulseId"":null,""cricbuzzId"":null,""cricinfoId"":""1175426""}",curated_manual,,,,,,1.0,
9049,26a85969,R Dhawan,,,,,1,2024,"{""pulseId"":""1088"",""cricbuzzId"":null,""cricinfoId"":""290727""}",curated_manual,,,,,,1.0,
25097,97290faf,S Joseph,,,,,1,2024,"{""pulseId"":null,""cricbuzzId"":null,""cricinfoId"":""1356971""}",curated_manual,,,,,,1.0,
26027,e1d9ae9c,Shivam Singh,,,,,1,2024,"{""pulseId"":null,""cricbuzzId"":null,""cricinfoId"":""1380113""}",curated_manual,,,,,,1.0,
21521,9385de2e,SS Prabhudessai,,,,,1,2024,"{""pulseId"":null,""cricbuzzId"":null,""cricinfoId"":""1083851""}",curated_manual,,,,,,1.0,
25077,5724e517,Tanush Kotian,,,,,1,2024,"{""pulseId"":null,""cricbuzzId"":null,""cricinfoId"":""1125960""}",curated_manual,,,,,,1.0,
20789,81c08fa3,Umran Malik,,,,,1,2024,"{""pulseId"":null,""cricbuzzId"":null,""cricinfoId"":""1246528""}",curated_manual,,,,,,1.0,
25816,d4d929b0,V Kaverappa,,,,,1,2024,"{""pulseId"":null,""cricbuzzId"":null,""cricinfoId"":""1155262""}",curated_manual,,,,,,1.0,
