inning,ball,batting_team,bowling_team,event,signal,previous_event,event_pair,runs_total,batsman_runs,wides,noballs,byes,legbyes,is_wicket,wicket_kind,is_boundary,is_four,is_six,is_dot_ball,is_extra,boundary_streak_before,boundary_streak_after,six_streak_before,six_streak_after,dot_streak_before,dot_streak_after,balls_since_previous_wicket,balls_since_previous_boundary,batting_team_before_pct,batting_team_after_pct,batting_team_delta_pct,batting_team_abs_delta_pct,fielding_team_before_pct,fielding_team_after_pct,fielding_team_delta_pct,pricing_source_before,pricing_source_after,timestamp
1,0.1,Gujarat Titans,Delhi Capitals,4,four,,4,4,4,0,0,0,0,false,,true,true,false,false,false,0,1,0,0,0,0,,,47.5,47.5,0,0,52.5,52.5,0,chart,chart,2026-04-08T14:01:31.000Z
1,0.2,Gujarat Titans,Delhi Capitals,1,single,4,4>1,1,1,0,0,0,0,false,,false,false,false,false,false,1,0,0,0,0,0,,1,47.5,47.5,0,0,52.5,52.5,0,chart,chart,2026-04-08T14:01:58.000Z
1,0.3,Gujarat Titans,Delhi Capitals,4,four,1,1>4,4,4,0,0,0,0,false,,true,true,false,false,false,0,1,0,0,0,0,,2,47.5,47.5,0,0,52.5,52.5,0,chart,chart,2026-04-08T14:03:03.000Z
1,0.4,Gujarat Titans,Delhi Capitals,1,single,4,4>1,1,1,0,0,0,0,false,,false,false,false,false,false,1,0,0,0,0,0,,1,47.5,47.5,0,0,52.5,52.5,0,chart,chart,2026-04-08T14:03:44.000Z
1,0.5,Gujarat Titans,Delhi Capitals,1,single,1,1>1,1,1,0,0,0,0,false,,false,false,false,false,false,0,0,0,0,0,0,,2,47.5,47.5,0,0,52.5,52.5,0,chart,chart,2026-04-08T14:04:19.000Z
1,0.6,Gujarat Titans,Delhi Capitals,0,dot,1,1>0,0,0,0,0,0,0,false,,false,false,false,true,false,0,0,0,0,0,1,,3,47.5,47.5,0,0,52.5,52.5,0,chart,chart,2026-04-08T14:05:07.000Z
1,1.1,Gujarat Titans,Delhi Capitals,4,four,0,0>4,4,4,0,0,0,0,false,,true,true,false,false,false,0,1,0,0,1,0,,4,47.5,47.5,0,0,52.5,52.5,0,chart,chart,2026-04-08T14:05:58.167Z
1,1.2,Gujarat Titans,Delhi Capitals,1,single,4,4>1,1,1,0,0,0,0,false,,false,false,false,false,false,1,0,0,0,0,0,,1,47.5,47.5,0,0,52.5,52.5,0,chart,chart,2026-04-08T14:06:49.333Z
1,1.3,Gujarat Titans,Delhi Capitals,0,dot,1,1>0,0,0,0,0,0,0,false,,false,false,false,true,false,0,0,0,0,0,1,,2,47.5,47.5,0,0,52.5,52.5,0,chart,chart,2026-04-08T14:07:40.500Z
1,1.4,Gujarat Titans,Delhi Capitals,0,dot,0,0>0,0,0,0,0,0,0,false,,false,false,false,true,false,0,0,0,0,1,2,,3,47.5,47.5,0,0,52.5,52.5,0,chart,chart,2026-04-08T14:08:31.667Z
1,1.5,Gujarat Titans,Delhi Capitals,1,single,0,0>1,1,1,0,0,0,0,false,,false,false,false,false,false,0,0,0,0,2,0,,4,47.5,47.5,0,0,52.5,52.5,0,chart,chart,2026-04-08T14:09:22.833Z
1,1.6,Gujarat Titans,Delhi Capitals,1,single,1,1>1,1,1,0,0,0,0,false,,false,false,false,false,false,0,0,0,0,0,0,,5,47.5,47.5,0,0,52.5,52.5,0,chart,chart,2026-04-08T14:10:14.000Z
1,2.1,Gujarat Titans,Delhi Capitals,wd,extra,1,1>wd,1,0,1,0,0,0,false,,false,false,false,false,true,0,0,0,0,0,0,,6,47.5,47.5,0,0,52.5,52.5,0,chart,chart,2026-04-08T14:11:05.167Z
1,2.2,Gujarat Titans,Delhi Capitals,0+W,wicket,wd,wd>0+W,0,0,0,0,0,0,true,bowled,false,false,false,true,false,0,0,0,0,0,1,,7,47.5,47.5,0,0,52.5,52.5,0,chart,chart,2026-04-08T14:11:56.333Z
1,2.3,Gujarat Titans,Delhi Capitals,0,dot,0+W,0+W>0,0,0,0,0,0,0,false,,false,false,false,true,false,0,0,0,0,1,2,1,8,47.5,47.5,0,0,52.5,52.5,0,chart,chart,2026-04-08T14:12:47.500Z
1,2.4,Gujarat Titans,Delhi Capitals,0,dot,0,0>0,0,0,0,0,0,0,false,,false,false,false,true,false,0,0,0,0,2,3,2,9,47.5,47.5,0,0,52.5,52.5,0,chart,chart,2026-04-08T14:13:38.667Z
1,2.5,Gujarat Titans,Delhi Capitals,0,dot,0,0>0,0,0,0,0,0,0,false,,false,false,false,true,false,0,0,0,0,3,4,3,10,47.5,47.5,0,0,52.5,52.5,0,chart,chart,2026-04-08T14:14:29.833Z
1,2.6,Gujarat Titans,Delhi Capitals,6,six,0,0>6,6,6,0,0,0,0,false,,true,false,true,false,false,0,1,0,1,4,0,4,11,47.5,47.5,0,0,52.5,52.5,0,chart,chart,2026-04-08T14:15:21.000Z
1,2.7,Gujarat Titans,Delhi Capitals,wd,extra,6,6>wd,1,0,1,0,0,0,false,,false,false,false,false,true,1,0,1,0,0,0,5,1,47.5,47.5,0,0,52.5,52.5,0,chart,chart,2026-04-08T14:16:12.167Z
1,2.8,Gujarat Titans,Delhi Capitals,1,single,wd,wd>1,1,1,0,0,0,0,false,,false,false,false,false,false,0,0,0,0,0,0,6,2,47.5,47.5,0,0,52.5,52.5,0,chart,chart,2026-04-08T14:17:03.333Z
1,3.1,Gujarat Titans,Delhi Capitals,4,four,1,1>4,4,4,0,0,0,0,false,,true,true,false,false,false,0,1,0,0,0,0,7,3,47.5,47.5,0,0,52.5,52.5,0,chart,chart,2026-04-08T14:17:54.500Z
1,3.2,Gujarat Titans,Delhi Capitals,6,six,4,4>6,6,6,0,0,0,0,false,,true,false,true,false,false,1,2,0,1,0,0,8,1,47.5,47.5,0,0,52.5,52.5,0,chart,chart,2026-04-08T14:18:45.667Z
1,3.3,Gujarat Titans,Delhi Capitals,0,dot,6,6>0,0,0,0,0,0,0,false,,false,false,false,true,false,2,0,1,0,0,1,9,1,47.5,47.5,0,0,52.5,52.5,0,chart,chart,2026-04-08T14:19:36.833Z
1,3.4,Gujarat Titans,Delhi Capitals,1,single,0,0>1,1,1,0,0,0,0,false,,false,false,false,false,false,0,0,0,0,1,0,10,2,47.5,47.5,0,0,52.5,52.5,0,chart,chart,2026-04-08T14:20:28.000Z
1,3.5,Gujarat Titans,Delhi Capitals,1,single,1,1>1,1,1,0,0,0,0,false,,false,false,false,false,false,0,0,0,0,0,0,11,3,47.5,47.5,0,0,52.5,52.5,0,chart,chart,2026-04-08T14:21:19.167Z
1,3.6,Gujarat Titans,Delhi Capitals,1,single,1,1>1,1,1,0,0,0,0,false,,false,false,false,false,false,0,0,0,0,0,0,12,4,47.5,47.5,0,0,52.5,52.5,0,chart,chart,2026-04-08T14:22:10.333Z
1,4.1,Gujarat Titans,Delhi Capitals,6,six,1,1>6,6,6,0,0,0,0,false,,true,false,true,false,false,0,1,0,1,0,0,13,5,47.5,47.5,0,0,52.5,52.5,0,chart,chart,2026-04-08T14:23:01.500Z
1,4.2,Gujarat Titans,Delhi Capitals,6,six,6,6>6,6,6,0,0,0,0,false,,true,false,true,false,false,1,2,1,2,0,0,14,1,47.5,47.5,0,0,52.5,52.5,0,chart,chart,2026-04-08T14:23:52.667Z
1,4.3,Gujarat Titans,Delhi Capitals,4,four,6,6>4,4,4,0,0,0,0,false,,true,true,false,false,false,2,3,2,0,0,0,15,1,47.5,47.5,0,0,52.5,52.5,0,chart,chart,2026-04-08T14:24:43.833Z
1,4.4,Gujarat Titans,Delhi Capitals,0,dot,4,4>0,0,0,0,0,0,0,false,,false,false,false,true,false,3,0,0,0,0,1,16,1,47.5,47.5,0,0,52.5,52.5,0,chart,chart,2026-04-08T14:25:35.000Z
1,4.5,Gujarat Titans,Delhi Capitals,6,six,0,0>6,6,6,0,0,0,0,false,,true,false,true,false,false,0,1,0,1,1,0,17,2,47.5,47.5,0,0,52.5,52.5,0,chart,chart,2026-04-08T14:26:26.167Z
1,4.6,Gujarat Titans,Delhi Capitals,1,single,6,6>1,1,1,0,0,0,0,false,,false,false,false,false,false,1,0,1,0,0,0,18,1,47.5,47.5,0,0,52.5,52.5,0,chart,chart,2026-04-08T14:27:17.333Z
1,5.1,Gujarat Titans,Delhi Capitals,0,dot,1,1>0,0,0,0,0,0,0,false,,false,false,false,true,false,0,0,0,0,0,1,19,2,47.5,47.5,0,0,52.5,52.5,0,chart,chart,2026-04-08T14:28:08.500Z
1,5.2,Gujarat Titans,Delhi Capitals,0,dot,0,0>0,0,0,0,0,0,0,false,,false,false,false,true,false,0,0,0,0,1,2,20,3,47.5,47.5,0,0,52.5,52.5,0,chart,chart,2026-04-08T14:28:59.667Z
1,5.3,Gujarat Titans,Delhi Capitals,4,four,0,0>4,4,4,0,0,0,0,false,,true,true,false,false,false,0,1,0,0,2,0,21,4,47.5,47.5,0,0,52.5,52.5,0,chart,chart,2026-04-08T14:29:50.833Z
1,5.4,Gujarat Titans,Delhi Capitals,0,dot,4,4>0,0,0,0,0,0,0,false,,false,false,false,true,false,1,0,0,0,0,1,22,1,47.5,47.5,0,0,52.5,52.5,0,chart,chart,2026-04-08T14:30:42.000Z
1,5.5,Gujarat Titans,Delhi Capitals,0,dot,0,0>0,0,0,0,0,0,0,false,,false,false,false,true,false,0,0,0,0,1,2,23,2,47.5,47.5,0,0,52.5,52.5,0,chart,chart,2026-04-08T14:31:33.167Z
1,5.6,Gujarat Titans,Delhi Capitals,1,single,0,0>1,1,1,0,0,0,0,false,,false,false,false,false,false,0,0,0,0,2,0,24,3,47.5,47.5,0,0,52.5,52.5,0,chart,chart,2026-04-08T14:32:24.333Z
1,6.1,Gujarat Titans,Delhi Capitals,1,single,1,1>1,1,1,0,0,0,0,false,,false,false,false,false,false,0,0,0,0,0,0,25,4,47.5,47.5,0,0,52.5,52.5,0,chart,chart,2026-04-08T14:33:15.500Z
1,6.2,Gujarat Titans,Delhi Capitals,1,single,1,1>1,1,1,0,0,0,0,false,,false,false,false,false,false,0,0,0,0,0,0,26,5,47.5,47.5,0,0,52.5,52.5,0,chart,chart,2026-04-08T14:34:06.667Z
1,6.3,Gujarat Titans,Delhi Capitals,2,double,1,1>2,2,2,0,0,0,0,false,,false,false,false,false,false,0,0,0,0,0,0,27,6,47.5,47.5,0,0,52.5,52.5,0,chart,chart,2026-04-08T14:34:57.833Z
1,6.4,Gujarat Titans,Delhi Capitals,1,single,2,2>1,1,1,0,0,0,0,false,,false,false,false,false,false,0,0,0,0,0,0,28,7,47.5,47.5,0,0,52.5,52.5,0,chart,chart,2026-04-08T14:35:49.000Z
1,6.5,Gujarat Titans,Delhi Capitals,4,four,1,1>4,4,4,0,0,0,0,false,,true,true,false,false,false,0,1,0,0,0,0,29,8,47.5,47.5,0,0,52.5,52.5,0,chart,chart,2026-04-08T14:36:40.167Z
1,6.6,Gujarat Titans,Delhi Capitals,0,dot,4,4>0,0,0,0,0,0,0,false,,false,false,false,true,false,1,0,0,0,0,1,30,1,47.5,47.5,0,0,52.5,52.5,0,chart,chart,2026-04-08T14:37:31.333Z
1,7.1,Gujarat Titans,Delhi Capitals,1,single,0,0>1,1,1,0,0,0,0,false,,false,false,false,false,false,0,0,0,0,1,0,31,2,47.5,47.5,0,0,52.5,52.5,0,chart,chart,2026-04-08T14:38:22.500Z
1,7.2,Gujarat Titans,Delhi Capitals,1,single,1,1>1,1,1,0,0,0,0,false,,false,false,false,false,false,0,0,0,0,0,0,32,3,47.5,47.5,0,0,52.5,52.5,0,chart,chart,2026-04-08T14:39:13.667Z
1,7.3,Gujarat Titans,Delhi Capitals,0+W,wicket,1,1>0+W,0,0,0,0,0,0,true,bowled,false,false,false,true,false,0,0,0,0,0,1,33,4,47.5,47.5,0,0,52.5,52.5,0,chart,chart,2026-04-08T14:40:04.833Z
1,7.4,Gujarat Titans,Delhi Capitals,1,single,0+W,0+W>1,1,1,0,0,0,0,false,,false,false,false,false,false,0,0,0,0,1,0,1,5,47.5,47.5,0,0,52.5,52.5,0,chart,chart,2026-04-08T14:40:56.000Z
1,7.5,Gujarat Titans,Delhi Capitals,1,single,1,1>1,1,1,0,0,0,0,false,,false,false,false,false,false,0,0,0,0,0,0,2,6,47.5,47.5,0,0,52.5,52.5,0,chart,chart,2026-04-08T14:41:47.167Z
1,7.6,Gujarat Titans,Delhi Capitals,4,four,1,1>4,4,4,0,0,0,0,false,,true,true,false,false,false,0,1,0,0,0,0,3,7,47.5,55,7.5,7.5,52.5,45,-7.5,chart,trade,2026-04-08T14:42:38.333Z
1,8.1,Gujarat Titans,Delhi Capitals,0,dot,4,4>0,0,0,0,0,0,0,false,,false,false,false,true,false,1,0,0,0,0,1,4,1,56,55,-1,1,44,45,1,trade,trade,2026-04-08T14:43:29.500Z
1,8.2,Gujarat Titans,Delhi Capitals,1,single,0,0>1,1,1,0,0,0,0,false,,false,false,false,false,false,0,0,0,0,1,0,5,2,53,54,1,1,47,46,-1,trade,trade,2026-04-08T14:44:20.667Z
1,8.3,Gujarat Titans,Delhi Capitals,1,single,1,1>1,1,1,0,0,0,0,false,,false,false,false,false,false,0,0,0,0,0,0,6,3,54,53,-1,1,46,47,1,trade,trade,2026-04-08T14:45:11.833Z
1,8.4,Gujarat Titans,Delhi Capitals,1,single,1,1>1,1,1,0,0,0,0,false,,false,false,false,false,false,0,0,0,0,0,0,7,4,53,52,-1,1,47,48,1,trade,trade,2026-04-08T14:46:03.000Z
1,8.5,Gujarat Titans,Delhi Capitals,1,single,1,1>1,1,1,0,0,0,0,false,,false,false,false,false,false,0,0,0,0,0,0,8,5,52,52,0,0,48,48,0,trade,trade,2026-04-08T14:46:54.167Z
1,8.6,Gujarat Titans,Delhi Capitals,1,single,1,1>1,1,1,0,0,0,0,false,,false,false,false,false,false,0,0,0,0,0,0,9,6,52,53,1,1,48,47,-1,trade,trade,2026-04-08T14:47:45.333Z
1,9.1,Gujarat Titans,Delhi Capitals,6,six,1,1>6,6,6,0,0,0,0,false,,true,false,true,false,false,0,1,0,1,0,0,10,7,56,56,0,0,44,44,0,trade,trade,2026-04-08T14:48:36.500Z
1,9.2,Gujarat Titans,Delhi Capitals,1,single,6,6>1,1,1,0,0,0,0,false,,false,false,false,false,false,1,0,1,0,0,0,11,1,55,55,0,0,45,45,0,trade,trade,2026-04-08T14:49:27.667Z
1,9.3,Gujarat Titans,Delhi Capitals,1,single,1,1>1,1,1,0,0,0,0,false,,false,false,false,false,false,0,0,0,0,0,0,12,2,55,55,0,0,45,45,0,trade,trade,2026-04-08T14:50:18.833Z
1,9.4,Gujarat Titans,Delhi Capitals,1,single,1,1>1,1,1,0,0,0,0,false,,false,false,false,false,false,0,0,0,0,0,0,13,3,55,56,1,1,45,44,-1,trade,trade,2026-04-08T14:51:10.000Z
1,9.5,Gujarat Titans,Delhi Capitals,1,single,1,1>1,1,1,0,0,0,0,false,,false,false,false,false,false,0,0,0,0,0,0,14,4,56,47.5,-8.5,8.5,44,52.5,8.5,trade,chart,2026-04-08T14:52:01.167Z
1,9.6,Gujarat Titans,Delhi Capitals,1,single,1,1>1,1,1,0,0,0,0,false,,false,false,false,false,false,0,0,0,0,0,0,15,5,56,47.5,-8.5,8.5,44,52.5,8.5,trade,chart,2026-04-08T14:52:52.333Z
1,10.1,Gujarat Titans,Delhi Capitals,1,single,1,1>1,1,1,0,0,0,0,false,,false,false,false,false,false,0,0,0,0,0,0,16,6,56,47.5,-8.5,8.5,44,52.5,8.5,trade,chart,2026-04-08T14:53:43.500Z
1,10.2,Gujarat Titans,Delhi Capitals,1,single,1,1>1,1,1,0,0,0,0,false,,false,false,false,false,false,0,0,0,0,0,0,17,7,56,57,1,1,44,43,-1,trade,trade,2026-04-08T14:54:34.667Z
1,10.3,Gujarat Titans,Delhi Capitals,1,single,1,1>1,1,1,0,0,0,0,false,,false,false,false,false,false,0,0,0,0,0,0,18,8,56,56,0,0,44,44,0,trade,trade,2026-04-08T14:55:25.833Z
1,10.4,Gujarat Titans,Delhi Capitals,4,four,1,1>4,4,4,0,0,0,0,false,,true,true,false,false,false,0,1,0,0,0,0,19,9,57,47.5,-9.5,9.5,43,52.5,9.5,trade,chart,2026-04-08T14:56:17.000Z
1,10.5,Gujarat Titans,Delhi Capitals,1,single,4,4>1,1,1,0,0,0,0,false,,false,false,false,false,false,1,0,0,0,0,0,20,1,57,59,2,2,43,41,-2,trade,trade,2026-04-08T14:57:08.167Z
1,10.6,Gujarat Titans,Delhi Capitals,1,single,1,1>1,1,1,0,0,0,0,false,,false,false,false,false,false,0,0,0,0,0,0,21,2,59,59,0,0,41,41,0,trade,trade,2026-04-08T14:57:59.333Z
1,11.1,Gujarat Titans,Delhi Capitals,1,single,1,1>1,1,1,0,0,0,0,false,,false,false,false,false,false,0,0,0,0,0,0,22,3,61,61,0,0,39,39,0,trade,trade,2026-04-08T14:58:50.500Z
1,11.2,Gujarat Titans,Delhi Capitals,4,four,1,1>4,4,4,0,0,0,0,false,,true,true,false,false,false,0,1,0,0,0,0,23,4,63,63,0,0,37,37,0,trade,trade,2026-04-08T14:59:41.667Z
1,11.3,Gujarat Titans,Delhi Capitals,nb+4,four,4,4>nb+4,5,4,0,1,0,0,false,,true,true,false,false,true,1,2,0,0,0,0,24,1,65,67,2,2,35,33,-2,trade,trade,2026-04-08T15:00:32.833Z
1,11.4,Gujarat Titans,Delhi Capitals,6,six,nb+4,nb+4>6,6,6,0,0,0,0,false,,true,false,true,false,false,2,3,0,1,0,0,25,1,69,70,1,1,31,30,-1,trade,trade,2026-04-08T15:01:24.000Z
1,11.5,Gujarat Titans,Delhi Capitals,1,single,6,6>1,1,1,0,0,0,0,false,,false,false,false,false,false,3,0,1,0,0,0,26,1,70,68,-2,2,30,32,2,trade,trade,2026-04-08T15:02:15.167Z
1,11.6,Gujarat Titans,Delhi Capitals,6,six,1,1>6,6,6,0,0,0,0,false,,true,false,true,false,false,0,1,0,1,0,0,27,2,69,68,-1,1,31,32,1,trade,trade,2026-04-08T15:03:06.333Z
1,11.7,Gujarat Titans,Delhi Capitals,0,dot,6,6>0,0,0,0,0,0,0,false,,false,false,false,true,false,1,0,1,0,0,1,28,1,68,61.5,-6.5,6.5,32,38.5,6.5,trade,chart,2026-04-08T15:03:57.500Z
1,12.1,Gujarat Titans,Delhi Capitals,1,single,0,0>1,1,1,0,0,0,0,false,,false,false,false,false,false,0,0,0,0,1,0,29,2,68,61.5,-6.5,6.5,32,38.5,6.5,trade,chart,2026-04-08T15:04:48.667Z
1,12.2,Gujarat Titans,Delhi Capitals,0,dot,1,1>0,0,0,0,0,0,0,false,,false,false,false,true,false,0,0,0,0,0,1,30,3,68,61.5,-6.5,6.5,32,38.5,6.5,trade,chart,2026-04-08T15:05:39.833Z
1,12.3,Gujarat Titans,Delhi Capitals,6,six,0,0>6,6,6,0,0,0,0,false,,true,false,true,false,false,0,1,0,1,1,0,31,4,68,68,0,0,32,32,0,trade,trade,2026-04-08T15:06:31.000Z
1,12.4,Gujarat Titans,Delhi Capitals,1,single,6,6>1,1,1,0,0,0,0,false,,false,false,false,false,false,1,0,1,0,0,0,32,1,68,69,1,1,32,31,-1,trade,trade,2026-04-08T15:07:22.167Z
1,12.5,Gujarat Titans,Delhi Capitals,0,dot,1,1>0,0,0,0,0,0,0,false,,false,false,false,true,false,0,0,0,0,0,1,33,2,69,69,0,0,31,31,0,trade,trade,2026-04-08T15:08:13.333Z
1,12.6,Gujarat Titans,Delhi Capitals,1,single,0,0>1,1,1,0,0,0,0,false,,false,false,false,false,false,0,0,0,0,1,0,34,3,69,69,0,0,31,31,0,trade,trade,2026-04-08T15:09:04.500Z
1,13.1,Gujarat Titans,Delhi Capitals,1,single,1,1>1,1,1,0,0,0,0,false,,false,false,false,false,false,0,0,0,0,0,0,35,4,71,69,-2,2,29,31,2,trade,trade,2026-04-08T15:09:55.667Z
1,13.2,Gujarat Titans,Delhi Capitals,1,single,1,1>1,1,1,0,0,0,0,false,,false,false,false,false,false,0,0,0,0,0,0,36,5,69,69,0,0,31,31,0,trade,trade,2026-04-08T15:10:46.833Z
1,13.3,Gujarat Titans,Delhi Capitals,1,single,1,1>1,1,1,0,0,0,0,false,,false,false,false,false,false,0,0,0,0,0,0,37,6,68,68,0,0,32,32,0,trade,trade,2026-04-08T15:11:38.000Z
1,13.4,Gujarat Titans,Delhi Capitals,1,single,1,1>1,1,1,0,0,0,0,false,,false,false,false,false,false,0,0,0,0,0,0,38,7,68,68,0,0,32,32,0,trade,trade,2026-04-08T15:12:29.167Z
1,13.5,Gujarat Titans,Delhi Capitals,4,four,1,1>4,4,4,0,0,0,0,false,,true,true,false,false,false,0,1,0,0,0,0,39,8,68,68,0,0,32,32,0,trade,trade,2026-04-08T15:13:20.333Z
1,13.6,Gujarat Titans,Delhi Capitals,wd,extra,4,4>wd,1,0,1,0,0,0,false,,false,false,false,false,true,1,0,0,0,0,0,40,1,68,69,1,1,32,31,-1,trade,trade,2026-04-08T15:14:11.500Z
1,13.7,Gujarat Titans,Delhi Capitals,1,single,wd,wd>1,1,1,0,0,0,0,false,,false,false,false,false,false,0,0,0,0,0,0,41,2,69,68,-1,1,31,32,1,trade,trade,2026-04-08T15:15:02.667Z
1,14.1,Gujarat Titans,Delhi Capitals,0,dot,1,1>0,0,0,0,0,0,0,false,,false,false,false,true,false,0,0,0,0,0,1,42,3,69,69,0,0,31,31,0,trade,trade,2026-04-08T15:15:53.833Z
1,14.2,Gujarat Titans,Delhi Capitals,1,single,0,0>1,1,1,0,0,0,0,false,,false,false,false,false,false,0,0,0,0,1,0,43,4,69,61.5,-7.5,7.5,31,38.5,7.5,trade,chart,2026-04-08T15:16:45.000Z
1,14.3,Gujarat Titans,Delhi Capitals,1,single,1,1>1,1,1,0,0,0,0,false,,false,false,false,false,false,0,0,0,0,0,0,44,5,69,61.5,-7.5,7.5,31,38.5,7.5,trade,chart,2026-04-08T15:17:36.167Z
1,14.4,Gujarat Titans,Delhi Capitals,1,single,1,1>1,1,1,0,0,0,0,false,,false,false,false,false,false,0,0,0,0,0,0,45,6,69,69,0,0,31,31,0,trade,trade,2026-04-08T15:18:27.333Z
1,14.5,Gujarat Titans,Delhi Capitals,wd,extra,1,1>wd,1,0,1,0,0,0,false,,false,false,false,false,true,0,0,0,0,0,0,46,7,68,68,0,0,32,32,0,trade,trade,2026-04-08T15:19:18.500Z
1,14.6,Gujarat Titans,Delhi Capitals,4,four,wd,wd>4,4,4,0,0,0,0,false,,true,true,false,false,false,0,1,0,0,0,0,47,8,68,68,0,0,32,32,0,trade,trade,2026-04-08T15:20:09.667Z
1,14.7,Gujarat Titans,Delhi Capitals,1,single,4,4>1,1,1,0,0,0,0,false,,false,false,false,false,false,1,0,0,0,0,0,48,1,68,70,2,2,32,30,-2,trade,trade,2026-04-08T15:21:00.833Z
1,15.1,Gujarat Titans,Delhi Capitals,1,single,1,1>1,1,1,0,0,0,0,false,,false,false,false,false,false,0,0,0,0,0,0,49,2,71,61.5,-9.5,9.5,29,38.5,9.5,trade,chart,2026-04-08T15:21:52.000Z
1,15.2,Gujarat Titans,Delhi Capitals,1,single,1,1>1,1,1,0,0,0,0,false,,false,false,false,false,false,0,0,0,0,0,0,50,3,71,71,0,0,29,29,0,trade,trade,2026-04-08T15:22:43.167Z
1,15.3,Gujarat Titans,Delhi Capitals,4,four,1,1>4,4,4,0,0,0,0,false,,true,true,false,false,false,0,1,0,0,0,0,51,4,71,70,-1,1,29,30,1,trade,trade,2026-04-08T15:23:34.333Z
1,15.4,Gujarat Titans,Delhi Capitals,0,dot,4,4>0,0,0,0,0,0,0,false,,false,false,false,true,false,1,0,0,0,0,1,52,1,71,71,0,0,29,29,0,trade,trade,2026-04-08T15:24:25.500Z
1,15.5,Gujarat Titans,Delhi Capitals,1,single,0,0>1,1,1,0,0,0,0,false,,false,false,false,false,false,0,0,0,0,1,0,53,2,71,69,-2,2,29,31,2,trade,trade,2026-04-08T15:25:16.667Z
1,15.6,Gujarat Titans,Delhi Capitals,0,dot,1,1>0,0,0,0,0,0,0,false,,false,false,false,true,false,0,0,0,0,0,1,54,3,69,71,2,2,31,29,-2,trade,trade,2026-04-08T15:26:07.833Z
1,16.1,Gujarat Titans,Delhi Capitals,6,six,0,0>6,6,6,0,0,0,0,false,,true,false,true,false,false,0,1,0,1,1,0,55,4,71,71,0,0,29,29,0,trade,trade,2026-04-08T15:26:59.000Z
1,16.2,Gujarat Titans,Delhi Capitals,1,single,6,6>1,1,1,0,0,0,0,false,,false,false,false,false,false,1,0,1,0,0,0,56,1,71,72,1,1,29,28,-1,trade,trade,2026-04-08T15:27:50.167Z
1,16.3,Gujarat Titans,Delhi Capitals,1,single,1,1>1,1,1,0,0,0,0,false,,false,false,false,false,false,0,0,0,0,0,0,57,2,72,61.5,-10.5,10.5,28,38.5,10.5,trade,chart,2026-04-08T15:28:41.333Z
1,16.4,Gujarat Titans,Delhi Capitals,6,six,1,1>6,6,6,0,0,0,0,false,,true,false,true,false,false,0,1,0,1,0,0,58,3,72,72,0,0,28,28,0,trade,trade,2026-04-08T15:29:32.500Z
1,16.5,Gujarat Titans,Delhi Capitals,0,dot,6,6>0,0,0,0,0,0,0,false,,false,false,false,true,false,1,0,1,0,0,1,59,1,72,72,0,0,28,28,0,trade,trade,2026-04-08T15:30:23.667Z
1,16.6,Gujarat Titans,Delhi Capitals,0,dot,0,0>0,0,0,0,0,0,0,false,,false,false,false,true,false,0,0,0,0,1,2,60,2,72,61.5,-10.5,10.5,28,38.5,10.5,trade,chart,2026-04-08T15:31:14.833Z
1,17.1,Gujarat Titans,Delhi Capitals,1,single,0,0>1,1,1,0,0,0,0,false,,false,false,false,false,false,0,0,0,0,2,0,61,3,72,69,-3,3,28,31,3,trade,trade,2026-04-08T15:32:06.000Z
1,17.2,Gujarat Titans,Delhi Capitals,0,dot,1,1>0,0,0,0,0,0,0,false,,false,false,false,true,false,0,0,0,0,0,1,62,4,64,65,1,1,36,35,-1,trade,trade,2026-04-08T15:32:57.167Z
1,17.3,Gujarat Titans,Delhi Capitals,0+W,wicket,0,0>0+W,0,0,0,0,0,0,true,caught,false,false,false,true,false,0,0,0,0,1,2,63,5,64,64,0,0,36,36,0,trade,trade,2026-04-08T15:33:48.333Z
1,17.4,Gujarat Titans,Delhi Capitals,0,dot,0+W,0+W>0,0,0,0,0,0,0,false,,false,false,false,true,false,0,0,0,0,2,3,1,6,64,64,0,0,36,36,0,trade,trade,2026-04-08T15:34:39.500Z
1,17.5,Gujarat Titans,Delhi Capitals,wd,extra,0,0>wd,1,0,1,0,0,0,false,,false,false,false,false,true,0,0,0,0,3,0,2,7,64,63,-1,1,36,37,1,trade,trade,2026-04-08T15:35:30.667Z
1,17.6,Gujarat Titans,Delhi Capitals,0,dot,wd,wd>0,0,0,0,0,0,0,false,,false,false,false,true,false,0,0,0,0,0,1,3,8,63,62,-1,1,37,38,1,trade,trade,2026-04-08T15:36:21.833Z
1,17.7,Gujarat Titans,Delhi Capitals,1,single,0,0>1,1,1,0,0,0,0,false,,false,false,false,false,false,0,0,0,0,1,0,4,9,62,63,1,1,38,37,-1,trade,trade,2026-04-08T15:37:13.000Z
1,18.1,Gujarat Titans,Delhi Capitals,1,single,1,1>1,1,1,0,0,0,0,false,,false,false,false,false,false,0,0,0,0,0,0,5,10,63,61,-2,2,37,39,2,trade,trade,2026-04-08T15:38:04.167Z
1,18.2,Gujarat Titans,Delhi Capitals,0,dot,1,1>0,0,0,0,0,0,0,false,,false,false,false,true,false,0,0,0,0,0,1,6,11,61,60,-1,1,39,40,1,trade,trade,2026-04-08T15:38:55.333Z
1,18.3,Gujarat Titans,Delhi Capitals,1,single,0,0>1,1,1,0,0,0,0,false,,false,false,false,false,false,0,0,0,0,1,0,7,12,61,58,-3,3,39,42,3,trade,trade,2026-04-08T15:39:46.500Z
1,18.4,Gujarat Titans,Delhi Capitals,1,single,1,1>1,1,1,0,0,0,0,false,,false,false,false,false,false,0,0,0,0,0,0,8,13,60,61,1,1,40,39,-1,trade,trade,2026-04-08T15:40:37.667Z
1,18.5,Gujarat Titans,Delhi Capitals,6,six,1,1>6,6,6,0,0,0,0,false,,true,false,true,false,false,0,1,0,1,0,0,9,14,61,63,2,2,39,37,-2,trade,trade,2026-04-08T15:41:28.833Z
1,18.6,Gujarat Titans,Delhi Capitals,4,four,6,6>4,4,4,0,0,0,0,false,,true,true,false,false,false,1,2,1,0,0,0,10,1,62,65,3,3,38,35,-3,trade,trade,2026-04-08T15:42:20.000Z
1,19.1,Gujarat Titans,Delhi Capitals,6,six,4,4>6,6,6,0,0,0,0,false,,true,false,true,false,false,2,3,0,1,0,0,11,1,67,66,-1,1,33,34,1,trade,trade,2026-04-08T15:43:11.167Z
1,19.2,Gujarat Titans,Delhi Capitals,1,single,6,6>1,1,1,0,0,0,0,false,,false,false,false,false,false,3,0,1,0,0,0,12,1,66,64,-2,2,34,36,2,trade,trade,2026-04-08T15:44:02.333Z
1,19.3,Gujarat Titans,Delhi Capitals,0+W,wicket,1,1>0+W,0,0,0,0,0,0,true,caught,false,false,false,true,false,0,0,0,0,0,1,13,2,64,64,0,0,36,36,0,trade,trade,2026-04-08T15:44:53.500Z
1,19.4,Gujarat Titans,Delhi Capitals,1,single,0+W,0+W>1,1,1,0,0,0,0,false,,false,false,false,false,false,0,0,0,0,1,0,1,3,64,63,-1,1,36,37,1,trade,trade,2026-04-08T15:45:44.667Z
1,19.5,Gujarat Titans,Delhi Capitals,0,dot,1,1>0,0,0,0,0,0,0,false,,false,false,false,true,false,0,0,0,0,0,1,2,4,63,61,-2,2,37,39,2,trade,trade,2026-04-08T15:46:35.833Z
1,19.6,Gujarat Titans,Delhi Capitals,4,four,0,0>4,4,4,0,0,0,0,false,,true,true,false,false,false,0,1,0,0,1,0,3,5,62,60.6,-1.4,1.4,38,39.4,1.4,trade,trade,2026-04-08T15:47:27.000Z
2,0.1,Delhi Capitals,Gujarat Titans,0,dot,,0,0,0,0,0,0,0,false,,false,false,false,true,false,0,0,0,0,0,1,,,40,42,2,2,60,58,-2,trade,trade,2026-04-08T16:02:27.000Z
2,0.2,Delhi Capitals,Gujarat Titans,4,four,0,0>4,4,4,0,0,0,0,false,,true,true,false,false,false,0,1,0,0,1,0,,,42,42,0,0,58,58,0,trade,trade,2026-04-08T16:02:49.000Z
2,0.3,Delhi Capitals,Gujarat Titans,4,four,4,4>4,4,4,0,0,0,0,false,,true,true,false,false,false,1,2,0,0,0,0,,1,46,47,1,1,54,53,-1,trade,trade,2026-04-08T16:03:35.000Z
2,0.4,Delhi Capitals,Gujarat Titans,1,single,4,4>1,1,1,0,0,0,0,false,,false,false,false,false,false,2,0,0,0,0,0,,1,45,45,0,0,55,55,0,trade,trade,2026-04-08T16:04:00.000Z
2,0.5,Delhi Capitals,Gujarat Titans,1,single,1,1>1,1,1,0,0,0,0,false,,false,false,false,false,false,0,0,0,0,0,0,,2,44,45,1,1,56,55,-1,trade,trade,2026-04-08T16:05:11.000Z
2,0.6,Delhi Capitals,Gujarat Titans,4,four,1,1>4,4,4,0,0,0,0,false,,true,true,false,false,false,0,1,0,0,0,0,,3,48,48,0,0,52,52,0,trade,trade,2026-04-08T16:05:57.000Z
2,1.1,Delhi Capitals,Gujarat Titans,0,dot,4,4>0,0,0,0,0,0,0,false,,false,false,false,true,false,1,0,0,0,0,1,,1,48,48,0,0,52,52,0,trade,trade,2026-04-08T16:06:53.139Z
2,1.2,Delhi Capitals,Gujarat Titans,0,dot,0,0>0,0,0,0,0,0,0,false,,false,false,false,true,false,0,0,0,0,1,2,,2,49,47,-2,2,51,53,2,trade,trade,2026-04-08T16:07:49.277Z
2,1.3,Delhi Capitals,Gujarat Titans,4,four,0,0>4,4,4,0,0,0,0,false,,true,true,false,false,false,0,1,0,0,2,0,,3,51,51,0,0,49,49,0,trade,trade,2026-04-08T16:08:45.416Z
2,1.4,Delhi Capitals,Gujarat Titans,1,single,4,4>1,1,1,0,0,0,0,false,,false,false,false,false,false,1,0,0,0,0,0,,1,52,51,-1,1,48,49,1,trade,trade,2026-04-08T16:09:41.554Z
2,1.5,Delhi Capitals,Gujarat Titans,wd,extra,1,1>wd,1,0,1,0,0,0,false,,false,false,false,false,true,0,0,0,0,0,0,,2,53,53,0,0,47,47,0,trade,trade,2026-04-08T16:10:37.693Z
2,1.6,Delhi Capitals,Gujarat Titans,0,dot,wd,wd>0,0,0,0,0,0,0,false,,false,false,false,true,false,0,0,0,0,0,1,,3,51,50,-1,1,49,50,1,trade,trade,2026-04-08T16:11:33.832Z
2,1.7,Delhi Capitals,Gujarat Titans,0,dot,0,0>0,0,0,0,0,0,0,false,,false,false,false,true,false,0,0,0,0,1,2,,4,51,50,-1,1,49,50,1,trade,trade,2026-04-08T16:12:29.970Z
2,2.1,Delhi Capitals,Gujarat Titans,2,double,0,0>2,2,2,0,0,0,0,false,,false,false,false,false,false,0,0,0,0,2,0,,5,50,49,-1,1,50,51,1,trade,trade,2026-04-08T16:13:26.109Z
2,2.2,Delhi Capitals,Gujarat Titans,0,dot,2,2>0,0,0,0,0,0,0,false,,false,false,false,true,false,0,0,0,0,0,1,,6,49,51,2,2,51,49,-2,trade,trade,2026-04-08T16:14:22.248Z
2,2.3,Delhi Capitals,Gujarat Titans,0,dot,0,0>0,0,0,0,0,0,0,false,,false,false,false,true,false,0,0,0,0,1,2,,7,50,49,-1,1,50,51,1,trade,trade,2026-04-08T16:15:18.386Z
2,2.4,Delhi Capitals,Gujarat Titans,4,four,0,0>4,4,4,0,0,0,0,false,,true,true,false,false,false,0,1,0,0,2,0,,8,49,48,-1,1,51,52,1,trade,trade,2026-04-08T16:16:14.525Z
2,2.5,Delhi Capitals,Gujarat Titans,0,dot,4,4>0,0,0,0,0,0,0,false,,false,false,false,true,false,1,0,0,0,0,1,,1,47,47,0,0,53,53,0,trade,trade,2026-04-08T16:17:10.663Z
2,2.6,Delhi Capitals,Gujarat Titans,wd,extra,0,0>wd,1,0,1,0,0,0,false,,false,false,false,false,true,0,0,0,0,1,0,,2,47,45,-2,2,53,55,2,trade,trade,2026-04-08T16:18:06.802Z
2,2.7,Delhi Capitals,Gujarat Titans,0,dot,wd,wd>0,0,0,0,0,0,0,false,,false,false,false,true,false,0,0,0,0,0,1,,3,45,43,-2,2,55,57,2,trade,trade,2026-04-08T16:19:02.941Z
2,3.1,Delhi Capitals,Gujarat Titans,1,single,0,0>1,1,1,0,0,0,0,false,,false,false,false,false,false,0,0,0,0,1,0,,4,43,48,5,5,57,52,-5,trade,trade,2026-04-08T16:19:59.079Z
2,3.2,Delhi Capitals,Gujarat Titans,1,single,1,1>1,1,1,0,0,0,0,false,,false,false,false,false,false,0,0,0,0,0,0,,5,47,47,0,0,53,53,0,trade,trade,2026-04-08T16:20:55.218Z
2,3.3,Delhi Capitals,Gujarat Titans,1,single,1,1>1,1,1,0,0,0,0,false,,false,false,false,false,false,0,0,0,0,0,0,,6,48,47,-1,1,52,53,1,trade,trade,2026-04-08T16:21:51.356Z
2,3.4,Delhi Capitals,Gujarat Titans,6,six,1,1>6,6,6,0,0,0,0,false,,true,false,true,false,false,0,1,0,1,0,0,,7,44,44,0,0,56,56,0,trade,trade,2026-04-08T16:22:47.495Z
2,3.5,Delhi Capitals,Gujarat Titans,0,dot,6,6>0,0,0,0,0,0,0,false,,false,false,false,true,false,1,0,1,0,0,1,,1,42,41,-1,1,58,59,1,trade,trade,2026-04-08T16:23:43.634Z
2,3.6,Delhi Capitals,Gujarat Titans,0,dot,0,0>0,0,0,0,0,0,0,false,,false,false,false,true,false,0,0,0,0,1,2,,2,42,41,-1,1,58,59,1,trade,trade,2026-04-08T16:24:39.772Z
2,4.1,Delhi Capitals,Gujarat Titans,0,dot,0,0>0,0,0,0,0,0,0,false,,false,false,false,true,false,0,0,0,0,2,3,,3,40,39,-1,1,60,61,1,trade,trade,2026-04-08T16:25:35.911Z
2,4.2,Delhi Capitals,Gujarat Titans,1,single,0,0>1,1,1,0,0,0,0,false,,false,false,false,false,false,0,0,0,0,3,0,,4,39,40,1,1,61,60,-1,trade,trade,2026-04-08T16:26:32.050Z
2,4.3,Delhi Capitals,Gujarat Titans,1,single,1,1>1,1,1,0,0,0,0,false,,false,false,false,false,false,0,0,0,0,0,0,,5,39,39,0,0,61,61,0,trade,trade,2026-04-08T16:27:28.188Z
2,4.4,Delhi Capitals,Gujarat Titans,1,single,1,1>1,1,1,0,0,0,0,false,,false,false,false,false,false,0,0,0,0,0,0,,6,41,41,0,0,59,59,0,trade,trade,2026-04-08T16:28:24.327Z
2,4.5,Delhi Capitals,Gujarat Titans,0,dot,1,1>0,0,0,0,0,0,0,false,,false,false,false,true,false,0,0,0,0,0,1,,7,48,50,2,2,52,50,-2,trade,trade,2026-04-08T16:29:20.465Z
2,4.6,Delhi Capitals,Gujarat Titans,1,single,0,0>1,1,1,0,0,0,0,false,,false,false,false,false,false,0,0,0,0,1,0,,8,53,53,0,0,47,47,0,trade,trade,2026-04-08T16:30:16.604Z
2,5.1,Delhi Capitals,Gujarat Titans,4,four,1,1>4,4,4,0,0,0,0,false,,true,true,false,false,false,0,1,0,0,0,0,,9,53,53,0,0,47,47,0,trade,trade,2026-04-08T16:31:12.743Z
2,5.2,Delhi Capitals,Gujarat Titans,1,single,4,4>1,1,1,0,0,0,0,false,,false,false,false,false,false,1,0,0,0,0,0,,1,53,52,-1,1,47,48,1,trade,trade,2026-04-08T16:32:08.881Z
2,5.3,Delhi Capitals,Gujarat Titans,4,four,1,1>4,4,4,0,0,0,0,false,,true,true,false,false,false,0,1,0,0,0,0,,2,51,52,1,1,49,48,-1,trade,trade,2026-04-08T16:33:05.020Z
2,5.4,Delhi Capitals,Gujarat Titans,6,six,4,4>6,6,6,0,0,0,0,false,,true,false,true,false,false,1,2,0,1,0,0,,1,51,50,-1,1,49,50,1,trade,trade,2026-04-08T16:34:01.158Z
2,5.5,Delhi Capitals,Gujarat Titans,4,four,6,6>4,4,4,0,0,0,0,false,,true,true,false,false,false,2,3,1,0,0,0,,1,49,48,-1,1,51,52,1,trade,trade,2026-04-08T16:34:57.297Z
2,5.6,Delhi Capitals,Gujarat Titans,4,four,4,4>4,4,4,0,0,0,0,false,,true,true,false,false,false,3,4,0,0,0,0,,1,49,48,-1,1,51,52,1,trade,trade,2026-04-08T16:35:53.436Z
2,6.1,Delhi Capitals,Gujarat Titans,1,single,4,4>1,1,1,0,0,0,0,false,,false,false,false,false,false,4,0,0,0,0,0,,1,48,52,4,4,52,48,-4,trade,trade,2026-04-08T16:36:49.574Z
2,6.2,Delhi Capitals,Gujarat Titans,0,dot,1,1>0,0,0,0,0,0,0,false,,false,false,false,true,false,0,0,0,0,0,1,,2,51,52,1,1,49,48,-1,trade,trade,2026-04-08T16:37:45.713Z
2,6.3,Delhi Capitals,Gujarat Titans,2,double,0,0>2,2,2,0,0,0,0,false,,false,false,false,false,false,0,0,0,0,1,0,,3,53,53,0,0,47,47,0,trade,trade,2026-04-08T16:38:41.851Z
2,6.4,Delhi Capitals,Gujarat Titans,0,dot,2,2>0,0,0,0,0,0,0,false,,false,false,false,true,false,0,0,0,0,0,1,,4,52,53,1,1,48,47,-1,trade,trade,2026-04-08T16:39:37.990Z
2,6.5,Delhi Capitals,Gujarat Titans,1,single,0,0>1,1,1,0,0,0,0,false,,false,false,false,false,false,0,0,0,0,1,0,,5,51,52,1,1,49,48,-1,trade,trade,2026-04-08T16:40:34.129Z
2,6.6,Delhi Capitals,Gujarat Titans,4,four,1,1>4,4,4,0,0,0,0,false,,true,true,false,false,false,0,1,0,0,0,0,,6,52,46.1,-5.9,5.9,48,53.9,5.9,trade,trade,2026-04-08T16:41:30.267Z
2,7.1,Delhi Capitals,Gujarat Titans,1,single,4,4>1,1,1,0,0,0,0,false,,false,false,false,false,false,1,0,0,0,0,0,,1,39,40,1,1,61,60,-1,trade,trade,2026-04-08T16:42:26.406Z
2,7.2,Delhi Capitals,Gujarat Titans,1,single,1,1>1,1,1,0,0,0,0,false,,false,false,false,false,false,0,0,0,0,0,0,,2,40,40,0,0,60,60,0,trade,trade,2026-04-08T16:43:22.545Z
2,7.3,Delhi Capitals,Gujarat Titans,1,single,1,1>1,1,1,0,0,0,0,false,,false,false,false,false,false,0,0,0,0,0,0,,3,43,44,1,1,57,56,-1,trade,trade,2026-04-08T16:44:18.683Z
2,7.4,Delhi Capitals,Gujarat Titans,0,dot,1,1>0,0,0,0,0,0,0,false,,false,false,false,true,false,0,0,0,0,0,1,,4,50,50,0,0,50,50,0,trade,trade,2026-04-08T16:45:14.822Z
2,7.5,Delhi Capitals,Gujarat Titans,1,single,0,0>1,1,1,0,0,0,0,false,,false,false,false,false,false,0,0,0,0,1,0,,5,58,59,1,1,42,41,-1,trade,trade,2026-04-08T16:46:10.960Z
2,7.6,Delhi Capitals,Gujarat Titans,1,single,1,1>1,1,1,0,0,0,0,false,,false,false,false,false,false,0,0,0,0,0,0,,6,65,65,0,0,35,35,0,trade,trade,2026-04-08T16:47:07.099Z
2,8.1,Delhi Capitals,Gujarat Titans,0+W,wicket,1,1>0+W,0,0,0,0,0,0,true,caught,false,false,false,true,false,0,0,0,0,0,1,,7,66,64,-2,2,34,36,2,trade,trade,2026-04-08T16:48:03.238Z
2,8.2,Delhi Capitals,Gujarat Titans,1,single,0+W,0+W>1,1,1,0,0,0,0,false,,false,false,false,false,false,0,0,0,0,1,0,1,8,58,58,0,0,42,42,0,trade,trade,2026-04-08T16:48:59.376Z
2,8.3,Delhi Capitals,Gujarat Titans,4,four,1,1>4,4,4,0,0,0,0,false,,true,true,false,false,false,0,1,0,0,0,0,2,9,57.3,57,-0.3,0.3,42.7,43,0.3,trade,trade,2026-04-08T16:49:55.515Z
2,8.4,Delhi Capitals,Gujarat Titans,6,six,4,4>6,6,6,0,0,0,0,false,,true,false,true,false,false,1,2,0,1,0,0,3,1,59,60,1,1,41,40,-1,trade,trade,2026-04-08T16:50:51.653Z
2,8.5,Delhi Capitals,Gujarat Titans,6,six,6,6>6,6,6,0,0,0,0,false,,true,false,true,false,false,2,3,1,2,0,0,4,1,56,57,1,1,44,43,-1,trade,trade,2026-04-08T16:51:47.792Z
2,8.6,Delhi Capitals,Gujarat Titans,4,four,6,6>4,4,4,0,0,0,0,false,,true,true,false,false,false,3,4,2,0,0,0,5,1,56,56,0,0,44,44,0,trade,trade,2026-04-08T16:52:43.931Z
2,9.1,Delhi Capitals,Gujarat Titans,0,dot,4,4>0,0,0,0,0,0,0,false,,false,false,false,true,false,4,0,0,0,0,1,6,1,59,50,-9,9,41,50,9,trade,trade,2026-04-08T16:53:40.069Z
2,9.2,Delhi Capitals,Gujarat Titans,0,dot,0,0>0,0,0,0,0,0,0,false,,false,false,false,true,false,0,0,0,0,1,2,7,2,45,45,0,0,55,55,0,trade,trade,2026-04-08T16:54:36.208Z
2,9.3,Delhi Capitals,Gujarat Titans,0,dot,0,0>0,0,0,0,0,0,0,false,,false,false,false,true,false,0,0,0,0,2,3,8,3,45,52,7,7,55,48,-7,trade,trade,2026-04-08T16:55:32.347Z
2,9.4,Delhi Capitals,Gujarat Titans,4,four,0,0>4,4,4,0,0,0,0,false,,true,true,false,false,false,0,1,0,0,3,0,9,4,55,55,0,0,45,45,0,trade,trade,2026-04-08T16:56:28.485Z
2,9.5,Delhi Capitals,Gujarat Titans,0+W,wicket,4,4>0+W,0,0,0,0,0,0,true,caught,false,false,false,true,false,1,0,0,0,0,1,10,1,53,53,0,0,47,47,0,trade,trade,2026-04-08T16:57:24.624Z
2,9.6,Delhi Capitals,Gujarat Titans,0+W,wicket,0+W,0+W>0+W,0,0,0,0,0,0,true,bowled,false,false,false,true,false,0,0,0,0,1,2,1,2,52,52,0,0,48,48,0,trade,trade,2026-04-08T16:58:20.762Z
2,10.1,Delhi Capitals,Gujarat Titans,6,six,0+W,0+W>6,6,6,0,0,0,0,false,,true,false,true,false,false,0,1,0,1,2,0,1,3,52,52,0,0,48,48,0,trade,trade,2026-04-08T16:59:16.901Z
2,10.2,Delhi Capitals,Gujarat Titans,1,single,6,6>1,1,1,0,0,0,0,false,,false,false,false,false,false,1,0,1,0,0,0,2,1,52,53,1,1,48,47,-1,trade,trade,2026-04-08T17:00:13.040Z
2,10.3,Delhi Capitals,Gujarat Titans,1,single,1,1>1,1,1,0,0,0,0,false,,false,false,false,false,false,0,0,0,0,0,0,3,2,53,52,-1,1,47,48,1,trade,trade,2026-04-08T17:01:09.178Z
2,10.4,Delhi Capitals,Gujarat Titans,1,single,1,1>1,1,1,0,0,0,0,false,,false,false,false,false,false,0,0,0,0,0,0,4,3,52,52,0,0,48,48,0,trade,trade,2026-04-08T17:02:05.317Z
2,10.5,Delhi Capitals,Gujarat Titans,2,double,1,1>2,2,2,0,0,0,0,false,,false,false,false,false,false,0,0,0,0,0,0,5,4,51,49,-2,2,49,51,2,trade,trade,2026-04-08T17:03:01.455Z
2,10.6,Delhi Capitals,Gujarat Titans,0,dot,2,2>0,0,0,0,0,0,0,false,,false,false,false,true,false,0,0,0,0,0,1,6,5,49,51,2,2,51,49,-2,trade,trade,2026-04-08T17:03:57.594Z
2,11.1,Delhi Capitals,Gujarat Titans,1,single,0,0>1,1,1,0,0,0,0,false,,false,false,false,false,false,0,0,0,0,1,0,7,6,50,49,-1,1,50,51,1,trade,trade,2026-04-08T17:04:53.733Z
2,11.2,Delhi Capitals,Gujarat Titans,0,dot,1,1>0,0,0,0,0,0,0,false,,false,false,false,true,false,0,0,0,0,0,1,8,7,49,49,0,0,51,51,0,trade,trade,2026-04-08T17:05:49.871Z
2,11.3,Delhi Capitals,Gujarat Titans,1,single,0,0>1,1,1,0,0,0,0,false,,false,false,false,false,false,0,0,0,0,1,0,9,8,49,48,-1,1,51,52,1,trade,trade,2026-04-08T17:06:46.010Z
2,11.4,Delhi Capitals,Gujarat Titans,1,single,1,1>1,1,1,0,0,0,0,false,,false,false,false,false,false,0,0,0,0,0,0,10,9,48,48,0,0,52,52,0,trade,trade,2026-04-08T17:07:42.149Z
2,11.5,Delhi Capitals,Gujarat Titans,wd,extra,1,1>wd,1,0,1,0,0,0,false,,false,false,false,false,true,0,0,0,0,0,0,11,10,48,47,-1,1,52,53,1,trade,trade,2026-04-08T17:08:38.287Z
2,11.6,Delhi Capitals,Gujarat Titans,1,single,wd,wd>1,1,1,0,0,0,0,false,,false,false,false,false,false,0,0,0,0,0,0,12,11,51,51,0,0,49,49,0,trade,trade,2026-04-08T17:09:34.426Z
2,11.7,Delhi Capitals,Gujarat Titans,1,single,1,1>1,1,1,0,0,0,0,false,,false,false,false,false,false,0,0,0,0,0,0,13,12,48,48,0,0,52,52,0,trade,trade,2026-04-08T17:10:30.564Z
2,12.1,Delhi Capitals,Gujarat Titans,1,single,1,1>1,1,1,0,0,0,0,false,,false,false,false,false,false,0,0,0,0,0,0,14,13,46,45,-1,1,54,55,1,trade,trade,2026-04-08T17:11:26.703Z
2,12.2,Delhi Capitals,Gujarat Titans,4,four,1,1>4,4,4,0,0,0,0,false,,true,true,false,false,false,0,1,0,0,0,0,15,14,50,50,0,0,50,50,0,trade,trade,2026-04-08T17:12:22.842Z
2,12.3,Delhi Capitals,Gujarat Titans,0,dot,4,4>0,0,0,0,0,0,0,false,,false,false,false,true,false,1,0,0,0,0,1,16,1,46,46,0,0,54,54,0,trade,trade,2026-04-08T17:13:18.980Z
2,12.4,Delhi Capitals,Gujarat Titans,2,double,0,0>2,2,2,0,0,0,0,false,,false,false,false,false,false,0,0,0,0,1,0,17,2,45,45,0,0,55,55,0,trade,trade,2026-04-08T17:14:15.119Z
2,12.5,Delhi Capitals,Gujarat Titans,1,single,2,2>1,1,1,0,0,0,0,false,,false,false,false,false,false,0,0,0,0,0,0,18,3,42,42,0,0,58,58,0,trade,trade,2026-04-08T17:15:11.257Z
2,12.6,Delhi Capitals,Gujarat Titans,4,four,1,1>4,4,4,0,0,0,0,false,,true,true,false,false,false,0,1,0,0,0,0,19,4,39,28,-11,11,61,72,11,trade,trade,2026-04-08T17:16:07.396Z
2,13.1,Delhi Capitals,Gujarat Titans,1,single,4,4>1,1,1,0,0,0,0,false,,false,false,false,false,false,1,0,0,0,0,0,20,1,29,29,0,0,71,71,0,trade,trade,2026-04-08T17:17:03.535Z
2,13.2,Delhi Capitals,Gujarat Titans,1,single,1,1>1,1,1,0,0,0,0,false,,false,false,false,false,false,0,0,0,0,0,0,21,2,28,28,0,0,72,72,0,trade,trade,2026-04-08T17:17:59.673Z
2,13.3,Delhi Capitals,Gujarat Titans,1,single,1,1>1,1,1,0,0,0,0,false,,false,false,false,false,false,0,0,0,0,0,0,22,3,29,29,0,0,71,71,0,trade,trade,2026-04-08T17:18:55.812Z
2,13.4,Delhi Capitals,Gujarat Titans,0,dot,1,1>0,0,0,0,0,0,0,false,,false,false,false,true,false,0,0,0,0,0,1,23,4,37,37,0,0,63,63,0,trade,trade,2026-04-08T17:19:51.950Z
2,13.5,Delhi Capitals,Gujarat Titans,1,single,0,0>1,1,1,0,0,0,0,false,,false,false,false,false,false,0,0,0,0,1,0,24,5,37,37,0,0,63,63,0,trade,trade,2026-04-08T17:20:48.089Z
2,13.6,Delhi Capitals,Gujarat Titans,0+W,wicket,1,1>0+W,0,0,0,0,0,0,true,caught,false,false,false,true,false,0,0,0,0,0,1,25,6,36.3,37,0.7,0.7,63.7,63,-0.7,trade,trade,2026-04-08T17:21:44.228Z
2,14.1,Delhi Capitals,Gujarat Titans,wd,extra,0+W,0+W>wd,1,0,1,0,0,0,false,,false,false,false,false,true,0,0,0,0,1,0,1,7,34,30,-4,4,66,70,4,trade,trade,2026-04-08T17:22:40.366Z
2,14.2,Delhi Capitals,Gujarat Titans,4,four,wd,wd>4,4,4,0,0,0,0,false,,true,true,false,false,false,0,1,0,0,0,0,2,8,30,30,0,0,70,70,0,trade,trade,2026-04-08T17:23:36.505Z
2,14.3,Delhi Capitals,Gujarat Titans,1,single,4,4>1,1,1,0,0,0,0,false,,false,false,false,false,false,1,0,0,0,0,0,3,1,30,30,0,0,70,70,0,trade,trade,2026-04-08T17:24:32.644Z
2,14.4,Delhi Capitals,Gujarat Titans,1,single,1,1>1,1,1,0,0,0,0,false,,false,false,false,false,false,0,0,0,0,0,0,4,2,30,30,0,0,70,70,0,trade,trade,2026-04-08T17:25:28.782Z
2,14.5,Delhi Capitals,Gujarat Titans,1,single,1,1>1,1,1,0,0,0,0,false,,false,false,false,false,false,0,0,0,0,0,0,5,3,35,35,0,0,65,65,0,trade,trade,2026-04-08T17:26:24.921Z
2,14.6,Delhi Capitals,Gujarat Titans,0,dot,1,1>0,0,0,0,0,0,0,false,,false,false,false,true,false,0,0,0,0,0,1,6,4,38,38,0,0,62,62,0,trade,trade,2026-04-08T17:27:21.059Z
2,14.7,Delhi Capitals,Gujarat Titans,0,dot,0,0>0,0,0,0,0,0,0,false,,false,false,false,true,false,0,0,0,0,1,2,7,5,36,35,-1,1,64,65,1,trade,trade,2026-04-08T17:28:17.198Z
2,15.1,Delhi Capitals,Gujarat Titans,4,four,0,0>4,4,4,0,0,0,0,false,,true,true,false,false,false,0,1,0,0,2,0,8,6,42,41,-1,1,58,59,1,trade,trade,2026-04-08T17:29:13.337Z
2,15.2,Delhi Capitals,Gujarat Titans,wd,extra,4,4>wd,1,0,1,0,0,0,false,,false,false,false,false,true,1,0,0,0,0,0,9,1,48,48,0,0,52,52,0,trade,trade,2026-04-08T17:30:09.475Z
2,15.3,Delhi Capitals,Gujarat Titans,1,single,wd,wd>1,1,1,0,0,0,0,false,,false,false,false,false,false,0,0,0,0,0,0,10,2,49,49,0,0,51,51,0,trade,trade,2026-04-08T17:31:05.614Z
2,15.4,Delhi Capitals,Gujarat Titans,5,other,1,1>5,5,5,0,0,0,0,false,,false,false,false,false,false,0,0,0,0,0,0,11,3,44,44,0,0,56,56,0,trade,trade,2026-04-08T17:32:01.752Z
2,15.5,Delhi Capitals,Gujarat Titans,4,four,5,5>4,4,4,0,0,0,0,false,,true,true,false,false,false,0,1,0,0,0,0,12,4,44,45,1,1,56,55,-1,trade,trade,2026-04-08T17:32:57.891Z
2,15.6,Delhi Capitals,Gujarat Titans,1,single,4,4>1,1,1,0,0,0,0,false,,false,false,false,false,false,1,0,0,0,0,0,13,1,41,41,0,0,59,59,0,trade,trade,2026-04-08T17:33:54.030Z
2,15.7,Delhi Capitals,Gujarat Titans,0,dot,1,1>0,0,0,0,0,0,0,false,,false,false,false,true,false,0,0,0,0,0,1,14,2,39,38,-1,1,61,62,1,trade,trade,2026-04-08T17:34:50.168Z
2,16.1,Delhi Capitals,Gujarat Titans,1,single,0,0>1,1,1,0,0,0,0,false,,false,false,false,false,false,0,0,0,0,1,0,15,3,31,28,-3,3,69,72,3,trade,trade,2026-04-08T17:35:46.307Z
2,16.2,Delhi Capitals,Gujarat Titans,1,single,1,1>1,1,1,0,0,0,0,false,,false,false,false,false,false,0,0,0,0,0,0,16,4,19,19,0,0,81,81,0,trade,trade,2026-04-08T17:36:42.446Z
2,16.3,Delhi Capitals,Gujarat Titans,0,dot,1,1>0,0,0,0,0,0,0,false,,false,false,false,true,false,0,0,0,0,0,1,17,5,22,22,0,0,78,78,0,trade,trade,2026-04-08T17:37:38.584Z
2,16.4,Delhi Capitals,Gujarat Titans,0+W,wicket,0,0>0+W,0,0,0,0,0,0,true,run out,false,false,false,true,false,0,0,0,0,1,2,18,6,26,26,0,0,74,74,0,trade,trade,2026-04-08T17:38:34.723Z
2,16.5,Delhi Capitals,Gujarat Titans,wd,extra,0+W,0+W>wd,1,0,1,0,0,0,false,,false,false,false,false,true,0,0,0,0,2,0,1,7,32,33,1,1,68,67,-1,trade,trade,2026-04-08T17:39:30.861Z
2,16.6,Delhi Capitals,Gujarat Titans,wd,extra,wd,wd>wd,1,0,1,0,0,0,false,,false,false,false,false,true,0,0,0,0,0,0,2,8,14,13,-1,1,86,87,1,trade,trade,2026-04-08T17:40:27.000Z
2,16.7,Delhi Capitals,Gujarat Titans,4,four,wd,wd>4,4,4,0,0,0,0,false,,true,true,false,false,false,0,1,0,0,0,0,3,9,12,12,0,0,88,88,0,trade,trade,2026-04-08T17:40:52.667Z
2,16.8,Delhi Capitals,Gujarat Titans,0+W,wicket,4,4>0+W,0,0,0,0,0,0,true,caught,false,false,false,true,false,1,0,0,0,0,1,4,1,11.8,11,-0.8,0.8,88.2,89,0.8,trade,trade,2026-04-08T17:41:18.333Z
2,17.1,Delhi Capitals,Gujarat Titans,1,single,0+W,0+W>1,1,1,0,0,0,0,false,,false,false,false,false,false,0,0,0,0,1,0,1,2,9.4,10,0.6,0.6,90.6,90,-0.6,trade,trade,2026-04-08T17:41:44.000Z
2,17.2,Delhi Capitals,Gujarat Titans,2,double,1,1>2,2,2,0,0,0,0,false,,false,false,false,false,false,0,0,0,0,0,0,2,3,12,11,-1,1,88,89,1,trade,trade,2026-04-08T17:42:28.000Z
2,17.3,Delhi Capitals,Gujarat Titans,0,dot,2,2>0,0,0,0,0,0,0,false,,false,false,false,true,false,0,0,0,0,0,1,3,4,8,7,-1,1,92,93,1,trade,trade,2026-04-08T17:43:08.000Z
2,17.4,Delhi Capitals,Gujarat Titans,1,single,0,0>1,1,1,0,0,0,0,false,,false,false,false,false,false,0,0,0,0,1,0,4,5,6,5,-1,1,94,95,1,trade,trade,2026-04-08T17:43:34.000Z
2,17.5,Delhi Capitals,Gujarat Titans,4,four,1,1>4,4,4,0,0,0,0,false,,true,true,false,false,false,0,1,0,0,0,0,5,6,8,7,-1,1,92,93,1,trade,trade,2026-04-08T17:44:09.000Z
2,17.6,Delhi Capitals,Gujarat Titans,1,single,4,4>1,1,1,0,0,0,0,false,,false,false,false,false,false,1,0,0,0,0,0,6,1,9,9,0,0,91,91,0,trade,trade,2026-04-08T17:44:44.000Z
2,18.1,Delhi Capitals,Gujarat Titans,wd,extra,1,1>wd,1,0,1,0,0,0,false,,false,false,false,false,true,0,0,0,0,0,0,7,2,8,8,0,0,92,92,0,trade,trade,2026-04-08T17:46:33.000Z
2,18.2,Delhi Capitals,Gujarat Titans,6,six,wd,wd>6,6,6,0,0,0,0,false,,true,false,true,false,false,0,1,0,1,0,0,8,3,32,30,-2,2,68,70,2,trade,trade,2026-04-08T17:49:18.000Z
2,18.3,Delhi Capitals,Gujarat Titans,4,four,6,6>4,4,4,0,0,0,0,false,,true,true,false,false,false,1,2,1,0,0,0,9,1,42,53,11,11,58,47,-11,trade,trade,2026-04-08T17:49:45.000Z
2,18.4,Delhi Capitals,Gujarat Titans,6,six,4,4>6,6,6,0,0,0,0,false,,true,false,true,false,false,2,3,0,1,0,0,10,1,47,47,0,0,53,53,0,trade,trade,2026-04-08T17:51:30.000Z
2,18.5,Delhi Capitals,Gujarat Titans,1,single,6,6>1,1,1,0,0,0,0,false,,false,false,false,false,false,3,0,1,0,0,0,11,1,54.1,57,2.9,2.9,45.9,43,-2.9,trade,trade,2026-04-08T17:52:51.000Z
2,18.6,Delhi Capitals,Gujarat Titans,4,four,1,1>4,4,4,0,0,0,0,false,,true,true,false,false,false,0,1,0,0,0,0,12,2,60,53.8,-6.2,6.2,40,46.2,6.2,trade,trade,2026-04-08T17:53:33.000Z
2,18.7,Delhi Capitals,Gujarat Titans,1,single,4,4>1,1,1,0,0,0,0,false,,false,false,false,false,false,1,0,0,0,0,0,13,1,58,58.7,0.7,0.7,42,41.3,-0.7,trade,trade,2026-04-08T17:54:51.500Z
2,19.1,Delhi Capitals,Gujarat Titans,4,four,1,1>4,4,4,0,0,0,0,false,,true,true,false,false,false,0,1,0,0,0,0,14,2,75,75,0,0,25,25,0,trade,trade,2026-04-08T17:56:10.000Z
2,19.2,Delhi Capitals,Gujarat Titans,0+W,wicket,4,4>0+W,0,0,0,0,0,0,true,caught,false,false,false,true,false,1,0,0,0,0,1,15,1,46,47,1,1,54,53,-1,trade,trade,2026-04-08T17:57:53.000Z
2,19.3,Delhi Capitals,Gujarat Titans,1,single,0+W,0+W>1,1,1,0,0,0,0,false,,false,false,false,false,false,0,0,0,0,1,0,1,2,40,41,1,1,60,59,-1,trade,trade,2026-04-08T17:59:07.000Z
2,19.4,Delhi Capitals,Gujarat Titans,6,six,1,1>6,6,6,0,0,0,0,false,,true,false,true,false,false,0,1,0,1,0,0,2,3,97,95,-2,2,3,5,2,trade,trade,2026-04-08T18:00:54.000Z
2,19.5,Delhi Capitals,Gujarat Titans,0,dot,6,6>0,0,0,0,0,0,0,false,,false,false,false,true,false,1,0,1,0,0,1,3,1,81,81,0,0,19,19,0,trade,trade,2026-04-08T18:02:27.000Z
2,19.6,Delhi Capitals,Gujarat Titans,0+W,wicket,0,0>0+W,0,0,0,0,0,0,true,run out,false,false,false,true,false,0,0,0,0,1,2,4,2,1,1,0,0,99,99,0,trade,trade,2026-04-08T18:07:17.000Z
